"","Comp 1","Comp 2","Comp 3","Comp 4","Comp 5","Comp 6","Comp 7"
"500",-0.0123080445918554,-0.0103343198754496,0.0769357918978308,0.0157727837132707,-0.0337542527467935,-0.162568648494805,0.106804126730555
"502",-0.0123080445918554,-0.0103343198754496,0.0769357918978308,0.0157727837132707,-0.0337542527467935,-0.162568648494805,0.106804126730555
"504",-0.0123080445918554,-0.0103343198754496,0.0769357918978308,0.0157727837132707,-0.0337542527467935,-0.162568648494805,0.106804126730555
"506",-0.00872197002514111,-0.00520440333007188,0.0864314349608203,0.0400067143430091,-0.0124959023797629,-0.126581019136064,0.160783619910532
"508",-0.00291834758225457,-0.0126206473808769,0.0917666613352178,0.0619493503164593,-0.00945523731731955,-0.15132462638328,0.148297483456473
"510",0.00251516669952017,-0.0302770464106525,0.0874574645606628,0.0688381567620051,-0.0355523548103691,-0.220955011409271,0.101408960515524
"512",0.00799718790026247,-0.0339804414636148,0.0928199901986436,0.0972193779956689,-0.0164988877985769,-0.193555393589735,0.15084091599475
"514",0.0122824668889394,-0.0389260599101437,0.0953194313064762,0.116519268296723,-0.00770627967843572,-0.181903052133546,0.151429478631306
"516",0.0153195704122339,-0.0533623979933283,0.0886892305897257,0.12037990772854,-0.0261298700401711,-0.205644190727108,0.09642294204465
"518",0.0181792736741848,-0.0614357775202999,0.0866104727987466,0.132307548528271,-0.0253227076940349,-0.192313508727011,0.0854279498411784
"520",0.0206094066390462,-0.0611605623526894,0.0903164358586692,0.146953828542052,-0.0151076784470315,-0.168621812274813,0.0895136762489932
"522",0.0221538114271399,-0.065383970292186,0.0894601116970894,0.1538429905942,-0.0164551074505693,-0.155890057557056,0.0596933878210657
"524",0.0234101342670378,-0.0658484735025656,0.0919475922692217,0.164499414284795,-0.00908036895005634,-0.12438083712692,0.0529887223123542
"526",0.0242489687106837,-0.0651775750603197,0.0936806029260695,0.171880196788373,-0.00578328127199041,-0.107941041145786,0.0362322459728363
"528",0.0242970683518223,-0.0707248233313542,0.0883103406617548,0.171179308626229,-0.0146522196021621,-0.105345770717883,0.00300771924892501
"530",0.0241553096139327,-0.0722914062846397,0.0866307664603634,0.173790696196333,-0.0150761067100425,-0.0890229846061679,-0.00473623674416425
"532",0.0236854401028862,-0.0747210901416556,0.083474157096455,0.173410520437388,-0.0209137087953664,-0.0791248693258989,-0.0329315062932521
"534",0.0227902302735361,-0.0786801616133422,0.0783766747219213,0.172395815576649,-0.0251988367210287,-0.0562384305924734,-0.0536289110774275
"536",0.0218331379573876,-0.0785572257175592,0.0765352938475879,0.171591875929954,-0.0265131739889749,-0.0345097499718008,-0.058951191930687
"538",0.0208454382756875,-0.0746014076967942,0.0779431642818947,0.173936430265341,-0.0213351249062285,-0.00529085912239572,-0.0578485849549874
"540",0.0195044510636824,-0.0710346896366295,0.0791544624487478,0.177703656737985,-0.0122629468946852,0.0373412076436002,-0.0508690498388406
"542",0.0177561642263788,-0.0682133923505471,0.0790032170767886,0.177681997705642,-0.00812728099411777,0.0736775509402668,-0.0420304403122247
"544",0.0158555663155509,-0.0636549069885395,0.0800735100860804,0.178719753531265,-0.00120986215563886,0.110948091439863,-0.0294445010752365
"546",0.0135208476613776,-0.0614375613336666,0.0784986007138506,0.176333546796014,0.000253148908916722,0.138143298352579,-0.0259636084861442
"548",0.0108974843037649,-0.0589888763456344,0.076270241279693,0.170411837711829,-0.00296877127578747,0.152304393161397,-0.0232006877897146
"550",0.00815349199287902,-0.0583227676622988,0.0719038801297873,0.163406996197558,-0.00944858999594453,0.169198408846449,-0.0270256335088656
"552",0.0052677607086378,-0.0575569671359288,0.0670267379527429,0.154866244044254,-0.0185015287839361,0.175865078139265,-0.0294102295888544
"554",0.00210783655558858,-0.0575817195070469,0.0607450073844754,0.143101544177758,-0.0328288198042582,0.168798818331579,-0.0353195434185594
"556",-0.00127737222749949,-0.0598803662351001,0.0521238892793756,0.129615710202427,-0.0519307866202411,0.159530741570191,-0.0570287004149748
"558",-0.00480839388105959,-0.060386448413049,0.0448085152408136,0.11664892335076,-0.0690139564866953,0.147124798986944,-0.0705073192289948
"560",-0.00859023091571062,-0.0616915550235468,0.0364857294777377,0.102462158796163,-0.0873356765559488,0.128630219845951,-0.0830396122771073
"562",-0.0125404297398975,-0.0618153510524158,0.0293351227929428,0.0902014409449396,-0.102491104076197,0.11579639270678,-0.0929167983347105
"564",-0.0165526321210139,-0.0591399600354965,0.0248138792525345,0.0803986384442927,-0.111954103256355,0.108623957541858,-0.0891369336877926
"566",-0.0206477171682254,-0.0569671352279291,0.0198371038858495,0.0699356598257967,-0.122013773524567,0.0984440466434324,-0.0877957888633988
"568",-0.0247139638771127,-0.054727173337272,0.0151630673382225,0.0595205807253885,-0.131724385642695,0.0865399413655322,-0.0859162665141676
"570",-0.0286153724667056,-0.0517040935347995,0.0114460893133179,0.0506973358831783,-0.138110283654621,0.0788505533550956,-0.0784825707546419
"572",-0.0324138084413072,-0.0491284937097531,0.00758317194493472,0.0414317503105996,-0.145406049377507,0.0685001657331972,-0.074279183004997
"574",-0.0360491666452987,-0.0461301875859234,0.00443143762534385,0.0331585222223662,-0.151010352887739,0.0600529869411359,-0.0683776054975777
"576",-0.0394840567673636,-0.0424275376049747,0.00225157096571785,0.0259280087081587,-0.154575537804905,0.0527914517499332,-0.0600063018923001
"578",-0.0426886503596134,-0.0388361115825208,0.000255867089837382,0.0192167075158607,-0.157409228124127,0.0464615232169048,-0.0522404751261575
"580",-0.0457129112187833,-0.0356047025923415,-0.00175958380772466,0.0122104818382959,-0.161029325773171,0.037696267966333,-0.0462555765188579
"582",-0.0484914449221148,-0.032519361841345,-0.00353443313656684,0.00591316946755927,-0.163460158216322,0.0302039311334645,-0.0404862402779352
"584",-0.0510221459770995,-0.0290451358043771,-0.00457910220176393,0.000471632660263035,-0.164599335194521,0.0238868074809171,-0.0343221222371811
"586",-0.0533282336580157,-0.0257486884486275,-0.00540984541926037,-0.0044445982282732,-0.165007666036193,0.0183130384600867,-0.0276936082713688
"588",-0.0554758590888136,-0.0223723641864119,-0.00589475654714468,-0.00900939300846726,-0.165129970877427,0.0125447653946034,-0.0228769178266562
"590",-0.057502784741721,-0.0189663375017645,-0.00609158122012146,-0.012689328299559,-0.163923878188408,0.00825990779468942,-0.0171800206095502
"592",-0.0595111495549191,-0.0153538633224988,-0.0060121228001014,-0.0153824353898913,-0.161363299908038,0.00583602781085093,-0.00952040275417714
"594",-0.0615879804845868,-0.0113003809665555,-0.00552195109312027,-0.0174169547345158,-0.158099289419103,0.00410615304467763,-0.00215208332364061
"596",-0.0637978530210647,-0.00725114078810588,-0.00508302595302796,-0.0186918985949962,-0.153956723892669,0.00350072422852806,0.00560268844417087
"598",-0.0661754421321036,-0.00279128696286028,-0.00439833123135718,-0.0186591946457534,-0.147962995117911,0.00596007262244617,0.0165491199986258
"600",-0.0687850227090282,0.000824935194942889,-0.00464752453431353,-0.018771492363516,-0.142893484079058,0.00662747000579634,0.0246793814423103
"602",-0.0714956291458755,0.00527092303917621,-0.00414872994841836,-0.017845574950811,-0.136458117711691,0.00885910462194421,0.0334570314339307
"604",-0.0743709662027917,0.00943299235664552,-0.0039122540026973,-0.0166597314047826,-0.13001078486588,0.0107657024143851,0.0418791721943462
"606",-0.0772688874471828,0.0138579718997558,-0.00344129042876722,-0.0146998130905101,-0.122561057692997,0.0143163348340895,0.0511612165393479
"608",-0.0800507997516974,0.0183898409445318,-0.00263367820228542,-0.0119152907324791,-0.113796684862437,0.0205528515006886,0.0633519392304951
"610",-0.0826272208611445,0.0230933459344866,-0.00140815001630294,-0.00903941052031234,-0.105040146620469,0.0262252978691201,0.0740670303530094
"612",-0.0850302826262522,0.0257770638522405,-0.00175246395801928,-0.00802223269253887,-0.0998850465183941,0.0259331989192166,0.0772952853004622
"614",-0.0870136746128358,0.029971574889724,-0.000256405795949244,-0.00520942136283332,-0.0914641364880368,0.0319645183949975,0.087438467816733
"616",-0.0886907026832361,0.0329144659057387,0.000456638609548415,-0.00380876931979619,-0.0857556611008102,0.0342239228386007,0.0934294886697821
"618",-0.090056500518856,0.0354470612482213,0.00114147602769722,-0.00284612316508778,-0.0809878157734077,0.0350565195535787,0.0975721500420205
"620",-0.091181020908302,0.0375712383922107,0.00174932221595188,-0.00212150437799635,-0.0766900189833306,0.0353551627763368,0.100674854328014
"622",-0.0921672376500477,0.0397363489175239,0.0025341193479367,-0.00141862224041577,-0.0726491621191619,0.0358213551542955,0.103600181495764
"624",-0.0931730343711004,0.0403807114879367,0.00197307154441984,-0.00220223802737697,-0.0715533110472561,0.0306532109685337,0.0992461270231349
"626",-0.0944074934194354,0.0416867157748556,0.00181313716001578,-0.00214576357486436,-0.0694416322526282,0.0285443610948384,0.0994224172530556
"628",-0.0960545827527936,0.0425004876603109,0.000793150246766026,-0.00223106006368198,-0.0680432281432933,0.0253339187671883,0.0984236165856656
"630",-0.098295654819859,0.0423521310227099,-0.00165974911701345,-0.00299516120298302,-0.068513112758832,0.0188163562094693,0.0933962788834158
"632",-0.10101747785172,0.0430450528517009,-0.00379698232411823,-0.00273273700360061,-0.0677309996593779,0.0153965751367751,0.0919815390064966
"634",-0.104465507092474,0.0414101779181706,-0.00868490656404744,-0.00419357749202713,-0.0707358681796881,0.00388417247843339,0.0808620869897787
"636",-0.108494483283162,0.0411606463816352,-0.0128783481225708,-0.00399483011156515,-0.07129616342656,-0.00307161834258377,0.075434868762971
"638",-0.112859525247053,0.0417522455544483,-0.0166078714953986,-0.00179322714230145,-0.068443751722612,-0.003535052496854,0.0778986652118217
"640",-0.117385411659569,0.0407572097164723,-0.0219314806352505,-0.00066510994396985,-0.0676002575488747,-0.00879616155467265,0.0725977986246467
"642",-0.12200739561882,0.0439507782629371,-0.0235261923423978,0.00361127877166012,-0.0615688669198644,-0.00321494063446217,0.0811902301614891
"644",-0.126463504589585,0.0440158567345986,-0.0276722658534019,0.00650532419683166,-0.057475768464144,-0.00320605150428286,0.081316234583953
"646",-0.130671213973144,0.0445829448563312,-0.0308846051912452,0.0105985779708799,-0.0506269809860187,-0.000419543569810861,0.0818145822219718
"648",-0.135077165369895,0.0467232996775067,-0.0325906204084936,0.0160056963458891,-0.0416259733124561,0.00285971567413862,0.0820280734672354
"650",-0.140082911201253,0.0464338512787278,-0.0366245841963418,0.0210674368979327,-0.0329585334561609,0.000614380113504303,0.073308656739409
"652",-0.145872290168556,0.0460477246787203,-0.0411319410641531,0.0287751624369644,-0.0191711130553208,0.00307104581869939,0.0673506489749103
"654",-0.152971195136513,0.045056277439182,-0.0470098748975698,0.0362706407781068,-0.00672950953161877,-0.00128061163629501,0.0539758619234705
"656",-0.160793449744297,0.0455133534121933,-0.0516772810677319,0.048283408977251,0.0146087514144204,0.0014168659736243,0.0416517406561136
"658",-0.169688800386109,0.0399807387487841,-0.0624282234126556,0.0572249162762924,0.0302890993758302,-0.0096830032597876,0.0149928549377975
"660",-0.178526321199207,0.0305650211840673,-0.0761074566428257,0.061947211636139,0.0386578926308328,-0.0398823426907911,-0.0388173199532036
"662",-0.185909948644209,0.0238376858159983,-0.085538891426245,0.0698772998425727,0.0546706116130317,-0.0653005722136375,-0.0948566826381321
"664",-0.191719691542447,0.0281224986633933,-0.0838724059449963,0.0842531170995878,0.081738657325376,-0.0668475230076485,-0.118666091980268
"666",-0.196863472611637,0.010487048704801,-0.101667408599797,0.0801551331038866,0.0769778113504011,-0.114804140997207,-0.19342882244049
"668",-0.197992942105895,0.0282651764825005,-0.0841432473369966,0.0991073002570295,0.112932016925326,-0.0930301341548133,-0.18654893200916
"670",-0.197175913107126,0.0247145988800109,-0.084591145682302,0.101243330109064,0.120418104790538,-0.103647838677602,-0.204922387893386
"672",-0.194117719574117,0.0291642386419558,-0.0769931649976758,0.102530065029216,0.12535666070337,-0.103169555715339,-0.208507561028533
"674",-0.188400137547197,0.0394270110748275,-0.0634492278068379,0.105485686077254,0.132232489205672,-0.0735884481002431,-0.157826386639831
"676",-0.177266833261803,0.0556553114378881,-0.0403870151681952,0.10664581066472,0.137955936058119,-0.0303703529172577,-0.0908607360969955
"678",-0.162034415503744,0.0709491929676995,-0.0153132433822793,0.101881082903844,0.134310963060262,0.0134878757040276,-0.0166672114999489
"680",-0.143985934629643,0.0794342127292259,0.00594800987943903,0.0904079859704874,0.120635872465344,0.0430590350339689,0.0403118591268205
"682",-0.124947708014048,0.0848691457475728,0.025407513053515,0.0771527403018137,0.105470580689696,0.0651733833429163,0.0801584186604502
"684",-0.107042641603481,0.084506693400279,0.0389657375872866,0.0591035349038721,0.081447211711757,0.0657902593616039,0.0906091287858899
"686",-0.0912053568997303,0.0834904632762234,0.0503226798144756,0.042950154920456,0.0601281145318405,0.0664982733822585,0.099201755490366
"688",-0.0776359068239453,0.080287813464165,0.0583656534600486,0.0275479024516273,0.0395861679576794,0.0605009016241869,0.0975077415350116
"690",-0.0662924993483462,0.0751771504989383,0.0633042905689983,0.0130489089797118,0.0200831497148058,0.0491054585394635,0.087301463194766
"692",-0.0569350682095281,0.0698772948378092,0.0667979687104884,0.000526898179498724,0.00350519470596984,0.0354424298457934,0.0723897702458344
"694",-0.0493088295239349,0.0644318827627738,0.068990059875948,-0.00985678325804531,-0.00984525447391909,0.0223360468540427,0.0570240604050782
"696",-0.0431728624008552,0.0589752019292953,0.0700798301118174,-0.0186533249791592,-0.020889224151273,0.00939265511804664,0.0408773580606205
"698",-0.0382506827692273,0.0538485247648385,0.0705033377668759,-0.0260835265618138,-0.0300608849522461,-0.00333787899693966,0.0241437220776673
"700",-0.0342764680008872,0.0493501412531289,0.0706932315072568,-0.0319383544585272,-0.0369124930977315,-0.0139881593552687,0.00917924631382642
"702",-0.031071202150325,0.0454441572244826,0.0708534521200264,-0.0365220761667978,-0.0418044339014468,-0.0225163101874736,-0.00317960366567492
"704",-0.0284757462663957,0.0417400566080336,0.0707081110620822,-0.0404456078843769,-0.0458666764222573,-0.0306050763215422,-0.0151998201004563
"706",-0.0263510390967683,0.0385482211091454,0.0706099146944363,-0.0434605721092758,-0.0485516583186282,-0.0369024060257105,-0.0251267879227664
"708",-0.0245985927884542,0.0356367722188597,0.0705198078082559,-0.0458654273947068,-0.0503375996440993,-0.0420367876372792,-0.0337951406783025
"710",-0.0231632391950524,0.0329673697426517,0.0704013296785873,-0.0478246569426346,-0.0514634254186355,-0.0462315211463624,-0.0412827669776819
"712",-0.0219619245191427,0.0305492324492121,0.0703596946944162,-0.0493234653637743,-0.0518708081378543,-0.0494373630891077,-0.0476312062371475
"714",-0.0209892536773788,0.0282097451080126,0.0702212137221516,-0.0505379300416066,-0.0518829662884419,-0.0520620610998833,-0.0532177244880501
"716",-0.0202141800384675,0.0260519176202976,0.0701351009280019,-0.0515389092533354,-0.0516511279147655,-0.0543167410188741,-0.058086729782091
"718",-0.019601744617069,0.0240363771758276,0.0700630862973331,-0.0521374190605653,-0.0507136371083003,-0.0554630578987787,-0.0618589019649354
"720",-0.0191612993164679,0.0220806571145939,0.0699402164916513,-0.0526268543594556,-0.0496690326838759,-0.056044885573378,-0.0647050019007308
"722",-0.01889922472112,0.0198817900090518,0.0695655336697041,-0.0531094945247987,-0.0486291328622125,-0.0569723895956013,-0.0678704552157103
"724",-0.0187864480229149,0.0178044324231669,0.0692854286555288,-0.053316254217033,-0.0470728536059285,-0.0568665408711454,-0.0696610553178586
"726",-0.0188003448566598,0.0155324380331986,0.068827681754964,-0.053542424062378,-0.0455919058014695,-0.0569251007200983,-0.0717141505378981
"728",-0.0189094110886314,0.0134440269177439,0.0684792190068633,-0.0534430670514343,-0.0435209927740689,-0.0557461173819438,-0.0720557616688458
"730",-0.0190617050007923,0.0116136015950704,0.0682354513947658,-0.0530817117974691,-0.0411040302721346,-0.0537800554590708,-0.0714314789352009
"732",-0.0192203749650128,0.0101102389491935,0.0681523834002866,-0.0526555486505864,-0.0387441511472644,-0.051750473502348,-0.0705849182968031
"734",-0.0193189059108053,0.00925511097428899,0.068453511057998,-0.0518708853926541,-0.0359824689252735,-0.0490200120947972,-0.0686659948723702
"736",-0.0193574102997698,0.00910089546189423,0.0691731186797634,-0.0505848634146538,-0.0325387707978299,-0.0449483074265716,-0.065163107352943
"738",-0.0193457395599746,0.00940428554793982,0.0701045458108926,-0.0492163639427355,-0.0292032264786968,-0.0409925502845383,-0.061661496772178
"740",-0.0193189551946398,0.00982997012696345,0.0709856512440383,-0.0479587062810638,-0.0262826343448831,-0.037447284356718,-0.0585077235574961
"742",-0.0192750346009664,0.0104994327683534,0.0719785259475785,-0.0465594925385168,-0.023200816307999,-0.0338027762863709,-0.0551427781911339
"744",-0.0192345294632234,0.0113260796893484,0.073046952066795,-0.0450996895881764,-0.0200927153758041,-0.0299002565891157,-0.0515072136877207
"746",-0.0192073041626196,0.0120015362167979,0.0739148837793348,-0.0439084617201996,-0.0175428929541076,-0.0269046931555252,-0.0488432901639355
"748",-0.0191928110973124,0.0127018955279873,0.074761618858826,-0.0426690436559946,-0.0149814576556988,-0.0239278626476589,-0.0460548921899381
"750",-0.0191905680308112,0.0132895439210691,0.0754644544440092,-0.0416280548825049,-0.0128088439017646,-0.0215105229731999,-0.0439303242447866
"752",-0.0191992789762403,0.0137693670886684,0.0760295013760901,-0.0407309971271141,-0.0109592827188018,-0.0196003669540606,-0.0424259454605517
"754",-0.0192099920273189,0.01424567518865,0.0765873146807036,-0.0399133919882325,-0.00925607602615722,-0.0177787300710568,-0.0409485368180555
"756",-0.019220416026594,0.0146635177942744,0.0770661108180409,-0.0391635564625175,-0.00774676863048375,-0.016386917713332,-0.0400052835015441
"758",-0.0192224130816704,0.0150858826973028,0.0774970105504676,-0.0384160658060455,-0.00626334757093318,-0.0150405076559496,-0.0391327450418751
"760",-0.019234477198155,0.0155149892146467,0.0779298985848999,-0.0378065730805119,-0.00504579521726688,-0.013889617200368,-0.0383230628096032
"762",-0.0192350005770707,0.0158016145653268,0.0782163371117817,-0.0373223585686952,-0.00412374871258029,-0.0133405370738056,-0.0382344145611536
"764",-0.0192374814729102,0.0160961701925925,0.078487897727582,-0.0369144505715372,-0.00334616015885781,-0.0130194624005621,-0.0384069178515957
"766",-0.0192269885108576,0.0165766827754026,0.0788975180988879,-0.0363297150182927,-0.00225372890288526,-0.0118816266973824,-0.0376885432970956
"768",-0.019209246688822,0.0169910183746122,0.0792360119166777,-0.0358451769733859,-0.00139112762798226,-0.0112027806088829,-0.037328870683101
"770",-0.0191766492099468,0.0174001248246393,0.0795528409095529,-0.0353563915401381,-0.000539081220368925,-0.0105036155462367,-0.0369923544179054
"772",-0.0191336540101319,0.0179513633848406,0.0799704493724877,-0.034833063433289,0.000364557162310451,-0.00965676947559202,-0.0365765753274328
"774",-0.0190749003042317,0.0185424482204437,0.0804197719479719,-0.0343076400628505,0.00122279824948305,-0.00896470871255977,-0.0363644281837128
"776",-0.0190127085944864,0.019065908650409,0.0807848304263927,-0.0338327246153634,0.00200767290333415,-0.0081730564734464,-0.0359125186916472
"778",-0.0189319324608719,0.0197055748446441,0.0812580956377402,-0.033297588589999,0.00286992487853176,-0.00736597446464589,-0.0353946188320389
"780",-0.0188409953503445,0.0203410589430577,0.0817134258885623,-0.0328264339246735,0.00358787994018855,-0.00667896867312996,-0.0350635482084166
"782",-0.0187402707752732,0.0210727416156492,0.0822344829357048,-0.0322698009665572,0.00444498413063169,-0.00576283510089718,-0.0344559324786371
"784",-0.0186298589535291,0.0218675651867676,0.0828181778183298,-0.0316383988263584,0.00546333269989177,-0.0044897628611546,-0.0333748257047131
"786",-0.0185208121112267,0.0226428740561141,0.0833745621162132,-0.031035407780974,0.00639254941974423,-0.00346921918357566,-0.0326431586961521
"788",-0.0184057534713777,0.0233849101231818,0.0838859276826538,-0.0304641694111407,0.00726415143888387,-0.00244389308333346,-0.0319894229998558
"790",-0.0182859475853557,0.0241371280732667,0.0844137491400325,-0.0298791243923744,0.00815467277021572,-0.00131769970495277,-0.0312013233968043
"792",-0.0181698502774249,0.0249653248843045,0.0850245134348938,-0.0292784018293695,0.0090718316099538,-0.00017390249489049,-0.0302192970528466
"794",-0.0180602821216396,0.0257711028462348,0.0856112275317693,-0.0286423572896595,0.01008905461291,0.00125492055629395,-0.0289206082346098
"796",-0.0179534209673415,0.0265237271988576,0.0861621266698416,-0.0280619338697065,0.0109990484789025,0.0023638982667604,-0.028098253769577
"798",-0.0178655441946849,0.0271542066459474,0.0866156255976179,-0.027523304917254,0.0118592776872927,0.00354655321060282,-0.0271958589702679
"800",-0.0177866501482523,0.0278101950168615,0.0871145985554199,-0.026905486672647,0.0128934254410571,0.00496020611675075,-0.0260306534897015
"802",-0.0177215571202407,0.0283603909081864,0.0875610156055505,-0.0264021395596981,0.0137598024779059,0.00606735205724138,-0.0252309798550846
"804",-0.0176817972243826,0.0288127424562711,0.0879476812709545,-0.0259118694505072,0.0146346358021294,0.00721453241249352,-0.0242753609819491
"806",-0.0176632444353332,0.0292383558889593,0.0883325082817871,-0.0253548760595355,0.0156923088515761,0.00877039157196089,-0.0229054523230038
"808",-0.0176768166802188,0.0294025269019519,0.0885418700894176,-0.0249754062827526,0.0164652626445468,0.00981375378267981,-0.0221083995407735
"810",-0.0177149872484445,0.0294855941215483,0.0887166159120381,-0.0246351717770755,0.017214736708485,0.0107507965331525,-0.0214361545294021
"812",-0.0177754804665423,0.0294519490065811,0.0888151559855519,-0.0242800201394793,0.0180538667705015,0.0117682213197078,-0.0207498886090524
"814",-0.0178686783750402,0.029241569659482,0.0888008115213381,-0.0240310510241654,0.0187311351375476,0.012527620576431,-0.0203571024892273
"816",-0.0180035577409304,0.0288241358264129,0.0886635276063039,-0.0238927472247746,0.0192788968704733,0.0130671969142864,-0.0201586047562635
"818",-0.0181821686414002,0.0281514443865467,0.0883655586952345,-0.0238745415534324,0.0197271446494762,0.0134730969649441,-0.0200892698082375
"820",-0.018425222405065,0.0270873151250341,0.0877936447823766,-0.0241042855817007,0.0197938944925083,0.01336666006814,-0.0206306688366186
"822",-0.0187538696742993,0.0256121462897345,0.0869762934066402,-0.024523953815966,0.0196449614292656,0.0127456607566803,-0.0217525166385986
"824",-0.0191748896251828,0.0236137292615161,0.0858176908077687,-0.0251779357600989,0.0192468804103043,0.0116470002838144,-0.0234282331864195
"826",-0.0196713074398486,0.0212175639117647,0.0844262555128299,-0.0259643190045659,0.0187601532721374,0.0105761497715948,-0.0248999406330724
"828",-0.0202298491851016,0.018534974301275,0.0828778353878669,-0.0268933334278995,0.0181333583881495,0.0092840162212796,-0.0265307801498418
"830",-0.0208023173759444,0.0157819839891491,0.0812921199081402,-0.0278015245803992,0.0175508133126769,0.00801178323069931,-0.0282412555618753
"832",-0.0213454410591413,0.0132247783418659,0.0798415806047614,-0.0285588406580814,0.0171890133395821,0.00716856091552609,-0.0293927400233312
"834",-0.0218065231424036,0.011307776850994,0.0788814302922891,-0.0288635011153216,0.0175710099375014,0.00751486207463972,-0.0290070808459859
"836",-0.0221605123671723,0.0100213203779631,0.0783684862479083,-0.0288097207470588,0.0184325783062213,0.00852005631043628,-0.0279452340920942
"838",-0.0224317183920693,0.00905943042259623,0.07800859137388,-0.0286800853956624,0.0192461046226981,0.00947333267805344,-0.0269077692225025
"840",-0.022644323793159,0.00841606909826663,0.077850112827802,-0.0284195130698825,0.0201948058556631,0.0104972236388082,-0.0258570061515559
"842",-0.0228249939107648,0.00788678278785814,0.0777341646314938,-0.0281941669504987,0.0210062387814105,0.0112264007475367,-0.0253146158619313
"844",-0.0229828893562228,0.00736484744011352,0.0775958800533808,-0.0280476712674989,0.0216430395072124,0.0120167251001673,-0.0245802509301486
"846",-0.0231277763991926,0.00692448950186795,0.077524880000526,-0.0277940513916026,0.0224417938937533,0.0127667479856585,-0.0237625912192922
"848",-0.0232792890907338,0.00643737798375919,0.077408565803139,-0.0275718388104708,0.0231946303114418,0.0131888511688535,-0.0233712900575594
"850",-0.0234253475637162,0.00596156433122292,0.0772814910950066,-0.0274459634331198,0.0237589454939011,0.0136327654866172,-0.0230687439484939
"852",-0.0235671648529659,0.00542736038860564,0.0770869065004195,-0.0274125165296511,0.0241057553184871,0.0136474833941017,-0.0232271993517652
"854",-0.0237134057184484,0.00486347674099797,0.0768764187623277,-0.0273667655882542,0.0244940382488194,0.0136366685314499,-0.0234326357800447
"856",-0.0238530556337212,0.00430953997562448,0.0766500577815955,-0.0273658599840278,0.0247818452861114,0.0136836745925253,-0.0235314204828729
"858",-0.0239875370000973,0.0038518799495005,0.0764801339325523,-0.0272661150112812,0.0252164633226351,0.0139970014152703,-0.023236275024752
"860",-0.0241230701559353,0.00349304041097351,0.0764324867220895,-0.0270162803786268,0.0259465217006962,0.0146747421225778,-0.0224470491812932
"862",-0.0242539127524326,0.00295880559188024,0.076237796662066,-0.0270008314234438,0.0262570781727796,0.0145726808606161,-0.0226282291543722
"864",-0.024390194757265,0.00245170702190646,0.0760543999307681,-0.0268954895870684,0.0267457696780827,0.0148186879996727,-0.0224139153828673
"866",-0.0245482693963808,0.0018379772676548,0.0758047205116375,-0.0268853953774272,0.0271127458744823,0.0150666924626723,-0.0222118069563584
"868",-0.0247121165719234,0.00122940059349869,0.0755767398490406,-0.0268296791299621,0.0275787144699586,0.0156555433526534,-0.0217164330536543
"870",-0.0248833144876724,0.000673389118721296,0.075399657688983,-0.026628454056497,0.028288905452471,0.0163856794268265,-0.0209445989996647
"872",-0.0250645676317303,-4.50028987547098e-05,0.0751006277922861,-0.0266336286088969,0.0286045938521196,0.0161117362502773,-0.0212905291945766
"874",-0.0252584470233745,-0.000679433257419651,0.0749275755275315,-0.0264519001587465,0.0293467359307732,0.0169647425338593,-0.0202049616414975
"876",-0.0254675454233243,-0.00133868481591187,0.0747618407897655,-0.0261997942675314,0.030290785405638,0.0183680576002356,-0.0184763724459333
"878",-0.0256879931094034,-0.00206754837648999,0.0745508993893253,-0.0259410433353028,0.031242829984197,0.0197471393522192,-0.016708275248651
"880",-0.0259279754574116,-0.00292501738429597,0.0742324022199208,-0.0258515944397264,0.0319347773823412,0.0205677396349775,-0.0156546776015469
"882",-0.0261603879140585,-0.00362029715683233,0.0740791437915498,-0.0255141351336309,0.0330679537447258,0.0219988015138585,-0.0138625384073736
"884",-0.0263994747603422,-0.00431681995600329,0.0739647182891839,-0.0250707312914408,0.0344168751379321,0.0240283072962936,-0.0112022587006216
"886",-0.0266371017402221,-0.00497907006926892,0.0738973589454229,-0.0245957942778255,0.0358493113731064,0.026004122922828,-0.00867386455385573
"888",-0.0268630759057511,-0.00555940162660239,0.0738698005557775,-0.0240673173705886,0.0373770042775917,0.0284188759076676,-0.00579832986615348
"890",-0.0270945420097525,-0.00611067538824707,0.0738512741379242,-0.0234676886320414,0.0390031984249668,0.0310714274382714,-0.00269186298972476
"892",-0.0273211155065327,-0.00650738535874957,0.0740362308555042,-0.0227571821249073,0.0408928131797255,0.0338476452165793,0.000818237819916504
"894",-0.0275345962502634,-0.00678432783589972,0.0743119695040881,-0.0218934069971725,0.0430281040350775,0.0373914553127649,0.00526637056765765
"896",-0.0277520909490949,-0.00715339798464361,0.0744552935654427,-0.0210251701989232,0.0452035273638894,0.0410077337951883,0.00960190250993085
"898",-0.0279526594802192,-0.00736439263685254,0.0748144521665559,-0.0200970461658806,0.0474948283319268,0.0445067903106305,0.0139839380191379
"900",-0.0281416515226013,-0.00731555461381132,0.0753965402919207,-0.0188968257844095,0.0502927750960293,0.0491825393845103,0.0194090598197589
"902",-0.0283543252744053,-0.00756852556342216,0.0756924046402673,-0.0179758672599087,0.0525578304434321,0.052956565599308,0.0240107303837061
"904",-0.0285732918771499,-0.00777051111157422,0.0760360056863347,-0.0169868873050658,0.0549299952708517,0.0569763649518105,0.0290993018755746
"906",-0.0288276993476828,-0.00850173999318777,0.0759165685860124,-0.0164579454717366,0.0564740376659582,0.0594126113013281,0.0320621699827506
"908",-0.0290869463730746,-0.00931757316941148,0.0757716802718403,-0.0159989144960764,0.0579853473727982,0.0623382486965049,0.0356973333676598
"910",-0.0293896423943115,-0.0101974832369249,0.0755522871998398,-0.0155715417759666,0.0594557793044803,0.0653146864046767,0.0399038896800125
"912",-0.0297619164763897,-0.0118883016869078,0.074633869226737,-0.0157053219369828,0.0598714189911824,0.0661331641020364,0.0413103555352303
"914",-0.0301809454969238,-0.0141225046019598,0.0732587821750004,-0.0164089123220437,0.0592342250910759,0.0656737299339785,0.0414777706535444
"916",-0.0306666581621054,-0.01677834653762,0.0715928519210471,-0.0175782642277922,0.0578884852870405,0.063324521114214,0.039817238927098
"918",-0.031216529290876,-0.0199221191091562,0.0695579357421021,-0.0187407903498107,0.0566742242846447,0.0619025145578368,0.0389202171705051
"920",-0.0318718658103381,-0.023773818107085,0.0670173296604263,-0.0204822370651437,0.0544361511955967,0.0592994671560826,0.0374542886036957
"922",-0.0326729519274016,-0.0286456093318355,0.0636604837109753,-0.0231557486159823,0.0506191865096357,0.0537613769206262,0.0324511044021737
"924",-0.0335656201331517,-0.0344584744572574,0.0596178428981163,-0.0261161260640214,0.0464869725819444,0.0473214196152717,0.0261896795302308
"926",-0.0346093317431202,-0.0414282664828101,0.0546550902576457,-0.0299183895141195,0.0410334876395584,0.0393979666639726,0.0194169425665574
"928",-0.0357831891800743,-0.0485336186985511,0.0497648124364025,-0.0334990851317194,0.0360361530558892,0.0331800754226986,0.0150979194012456
"930",-0.0370716127320301,-0.0569137128657713,0.0439584233795619,-0.038022241062399,0.0294672785529458,0.0234277569876754,0.00653309583202576
"932",-0.0384567362215088,-0.0653231002488662,0.0382218872408059,-0.042176293572386,0.0237442238722797,0.0153971169878932,0.000158446593778314
"934",-0.039960604110729,-0.0748580869983183,0.0315673910839157,-0.047284844303763,0.0163136035348504,0.00535929015856881,-0.00775760642794268
"936",-0.0415831125527488,-0.0851098731542969,0.0244347798464567,-0.0524398803042873,0.0090695340427249,-0.00538125254092354,-0.0168994335255462
"938",-0.0432181700377153,-0.0952752486530112,0.0176080663788606,-0.0569026398534029,0.00310176812946162,-0.013638389381861,-0.0217764012093771
"940",-0.0449955725291692,-0.106196572489066,0.0100517090831333,-0.0624545912069466,-0.0049786252626404,-0.0279733964607943,-0.0346989214543032
"942",-0.0466815534341651,-0.115599725668388,0.00402409828244938,-0.0661004759270265,-0.00918668675607269,-0.0330769663929694,-0.0368209356102693
"944",-0.0484032785104012,-0.125449783949754,-0.00247006445388103,-0.0695539678985834,-0.0133513458085496,-0.0396384007718929,-0.0384370496428101
"946",-0.0501115770212338,-0.135733163027748,-0.00897123105859025,-0.073463471359838,-0.0179665161345966,-0.0453151392824782,-0.0425443976431954
"948",-0.051809327807239,-0.144017893541805,-0.0138706497068543,-0.0766137451221164,-0.0217310551744203,-0.0548436205675597,-0.0494007318629593
"950",-0.0535418636026382,-0.152806855437147,-0.0191682769100725,-0.0779880774507024,-0.0217640970771517,-0.0550333896564415,-0.0460574228597271
"952",-0.0553807274342946,-0.166130973033179,-0.0287975069214379,-0.0850741159619126,-0.0330392962909243,-0.0774107873645152,-0.0721000260934383
"954",-0.0566379857837561,-0.168278043379028,-0.0282731062279259,-0.0794110122164919,-0.0215543271507517,-0.0609395792101743,-0.0418616971631387
"956",-0.0580796344683037,-0.1794371078654,-0.0355288175128387,-0.0844103684289793,-0.0288166901022484,-0.0741311966589323,-0.0523475253375465
"958",-0.0594602063719899,-0.188540580029734,-0.0422513598458146,-0.0896110522085445,-0.0375487267327085,-0.0889969520082381,-0.0704571289020151
"960",-0.0595204265625439,-0.184004812547868,-0.0367075765379032,-0.0760921445774117,-0.0124616981860869,-0.050104184722077,-0.028926896372476
"962",-0.0593292441838146,-0.181877520540067,-0.0329168120733854,-0.0740389804717725,-0.00893586295576105,-0.0472586265314977,-0.0112012017028473
"964",-0.0593411237443706,-0.177074260816757,-0.029084211030415,-0.0657258595554084,0.00527232306484558,-0.0262236009256196,0.0149840778603225
"966",-0.0592608983355288,-0.178269235497922,-0.0305868547536526,-0.06537861673168,0.00272771684420065,-0.0269880658663513,0.0110292531372412
"968",-0.0578788823698794,-0.158556415914296,-0.0122530458155308,-0.0428983355861314,0.0439464771336008,0.0347028934418832,0.0857676381286486
"970",-0.0576410927428408,-0.15791975965454,-0.0128358467838091,-0.0477226142493517,0.0343082268824584,-0.00322117219067939,0.0278515144450769
"972",-0.0576988642789206,-0.160405525793178,-0.016652711209392,-0.0512614599067326,0.0260776869610516,-0.0137676502626711,-0.000836355941127578
"974",-0.0570913272096831,-0.155570401827717,-0.0120166022486101,-0.0464594121455338,0.0336929383437424,0.00582582370449629,0.0465356861360804
"976",-0.0552890714750874,-0.145747497850418,-0.00273516369511504,-0.0360321218617086,0.0520879289742936,0.00565981799476646,0.022518230973136
"978",-0.0551586765077946,-0.137872650935951,0.00558551308660829,-0.0290821515693373,0.0650076986727355,0.0607289811402105,0.115241368412404
"980",-0.0546236745508057,-0.142485634722015,0.00102992531960849,-0.0323577055267462,0.0633852791767504,0.0481297845892237,0.080443203819866
"982",-0.0544759634580282,-0.140415935419893,-0.000243177426933251,-0.033297663181953,0.057816909648168,0.0363554945109203,0.0679577422391159
"984",-0.0532707649888908,-0.121875269733892,0.0191285208705637,-0.0181342624414352,0.0822005552189342,0.0679467914344691,0.109480384240982
"986",-0.0536599372692062,-0.125779609376112,0.0155446434221558,-0.018319348177638,0.0827021462459735,0.0713236898558851,0.129211567379727
"988",-0.0532087536704524,-0.122227962347063,0.0165151744112227,-0.0218007450546148,0.0772603733046463,0.0644862472348063,0.0967782723730674
"990",-0.0535856563422844,-0.132366741306784,0.00602936081569168,-0.021978212209859,0.0754719554376598,0.0603059845458845,0.0789272140084757
"992",-0.0532578330026664,-0.122936208162318,0.0163638234490516,-0.0175675958100205,0.0823821377128293,0.0597376222154594,0.111364892594089
"994",-0.0532643413151458,-0.128263292352492,0.010020254109536,-0.0288979131389301,0.0635475433805218,0.0343891300162723,0.0531120178462384
"996",-0.0535125396493477,-0.124878632453246,0.0101843677202551,-0.0166684115778157,0.0885681970722511,0.089025982524123,0.104004982998527
"998",-0.0528292844753469,-0.130769356089789,0.00584513361902726,-0.0276470047919592,0.0668364924734503,0.04475406260227,0.0544555913144616
"1000",-0.052946441968542,-0.128340716557523,0.00747457802950102,-0.0362975674228371,0.0472994410966514,0.00692018739661462,0.013991633050827
