"","Comp 1","Comp 2","Comp 3","Comp 4"
"1100",0.0201460422287736,-0.0517907984506583,-0.00351544845427276,-0.0653022414894271
"1102",0.0207268631563066,-0.0524561641826719,-0.00329869430902477,-0.0617128301555179
"1104",0.0211805044312942,-0.0529418864988101,-0.00311635484112261,-0.058684939772876
"1106",0.0215423520295277,-0.0533045294429089,-0.00296138352072047,-0.0561058370093108
"1108",0.021836318250603,-0.0535806306840362,-0.0028283707669265,-0.0538881973064219
"1110",0.0220789827230649,-0.0537944564938001,-0.00271315574038982,-0.0519644194828645
"1112",0.0221760601021003,-0.0540106843553176,-0.00284042513403434,-0.052127343069807
"1114",0.0223537639182881,-0.0541713531984382,-0.00293782770075142,-0.0523311278624503
"1116",0.0226310365878165,-0.0542448998279934,-0.00299345244690358,-0.0526359599411474
"1118",0.0229886490879103,-0.0542161962453435,-0.00300985035065524,-0.0531097870489154
"1120",0.0234454452019701,-0.054032351968445,-0.00293351687643148,-0.0533271032760863
"1122",0.0239471534222363,-0.0537778295670967,-0.00277631668422871,-0.0530378434081435
"1124",0.0244847596290501,-0.0535146290390682,-0.00257565329266329,-0.0523344219883515
"1126",0.0251079903094588,-0.0531921709483791,-0.0022672637642455,-0.0510522192276503
"1128",0.025815004189546,-0.052785907351351,-0.00183814964517033,-0.0493557145474784
"1130",0.0265668550193258,-0.0523247914303821,-0.00135194279447216,-0.0476171622181416
"1132",0.0273253299864954,-0.0518390450471313,-0.000844512317035592,-0.0460155394190946
"1134",0.0281008892268949,-0.0513108446851972,-0.000302078614675436,-0.0445231985073118
"1136",0.0289277977787238,-0.0507041048620516,0.000295629559519243,-0.0430228769569614
"1138",0.0298164869184331,-0.0500036468362501,0.000953982552457365,-0.041488771457245
"1140",0.0307689129438228,-0.0491954314738232,0.00168595614775677,-0.0398689205091569
"1142",0.0318037688413248,-0.0482575806378889,0.00249190802295986,-0.0381746433843534
"1144",0.0329523685556091,-0.0471601366465293,0.00336626329646649,-0.0364597641171302
"1146",0.0342401345191606,-0.0458811847472261,0.00429293807394133,-0.0348028226312124
"1148",0.0357037454579823,-0.0443765773489932,0.00528494236002495,-0.0331337038089209
"1150",0.0373836932293114,-0.0425927207824448,0.00635752120610299,-0.0314694764607987
"1152",0.039298675846407,-0.0405096655981878,0.00748799713001207,-0.029935796383983
"1154",0.0414691618501401,-0.0380986926732499,0.00866696105209004,-0.0286138314016616
"1156",0.0439243851991308,-0.0353221304646975,0.00986516136714179,-0.0276775654048654
"1158",0.0466908778701371,-0.0321438399747165,0.0110499971631365,-0.0271300969138173
"1160",0.0497589040107811,-0.0285384908756942,0.0122273438934697,-0.0269384326421761
"1162",0.053030376480985,-0.0245927408485779,0.0133420805427066,-0.0271445261541814
"1164",0.0563592306018069,-0.0204653084327111,0.0143238109689628,-0.0276803861525058
"1166",0.059622559999703,-0.0163012042324484,0.0151702168089854,-0.0281539289123223
"1168",0.0625477576228193,-0.0124837089359663,0.0157660440969727,-0.0287358836956476
"1170",0.0649327378021832,-0.00934377443171359,0.0160925113459563,-0.0291520867445635
"1172",0.0667085877779071,-0.00702659720107917,0.0161849719099813,-0.0292639730495436
"1174",0.0677485466999535,-0.00575571922311252,0.0160291726476017,-0.0293240814136014
"1176",0.0681172086086775,-0.005404505928291,0.0158267372071318,-0.0291924932137709
"1178",0.0679967316387724,-0.00573447651207662,0.0154773024764459,-0.0295544968732338
"1180",0.0675156844607811,-0.00655792241032102,0.0149767547172816,-0.0303589547858731
"1182",0.0668420891437791,-0.00752787489444053,0.0145690358242569,-0.0316000469077134
"1184",0.0662028087418215,-0.00833403886577173,0.0142443928220651,-0.0335053040692758
"1186",0.0657961487551829,-0.00874096799313433,0.0139606717477547,-0.0357089047891526
"1188",0.0658431294038949,-0.00844762964145932,0.0137230043050119,-0.0381033281787125
"1190",0.0665045604788028,-0.00714849127724678,0.0135009858245736,-0.0411231802206871
"1192",0.0680783284457111,-0.00421418063476811,0.0132439648216502,-0.0450567561052332
"1194",0.0707571649082233,0.00127992071484422,0.0124502991760248,-0.051771897749603
"1196",0.0742435775308065,0.0113386932272879,0.0104263505483688,-0.0631487263239557
"1198",0.0749484905064943,0.0305448824934728,0.0058949947916704,-0.0792263781295179
"1200",0.0537668705381748,0.0556734322690501,-0.00439172771002097,-0.0869894362619042
"1202",0.00988971073414952,0.0575441328806263,-0.0142642376529282,-0.0671959581029498
"1204",-0.0175314695975014,0.0478213884434679,-0.0176343006910151,-0.0500047306343962
"1206",-0.0308873127794454,0.0408938927910606,-0.0176893916076245,-0.0393551077105177
"1208",-0.0383417328400951,0.0362684282316415,-0.0168959406992974,-0.033016891285772
"1210",-0.0432073436943976,0.03268240113332,-0.0161943905506311,-0.0309778766689688
"1212",-0.046332730122723,0.0301876295787042,-0.0151567727815621,-0.0297966319354835
"1214",-0.0479375344422265,0.0288966751628898,-0.0136088971883491,-0.0278202727617978
"1216",-0.048564751729032,0.0283265795924357,-0.0120786462138148,-0.0259206352993866
"1218",-0.0484972464013066,0.0283210909664024,-0.0107475328658681,-0.0238638578568831
"1220",-0.0480179609952032,0.0287833931089063,-0.00953029816394616,-0.0208015939444564
"1222",-0.0472218001871607,0.0296647623272842,-0.00852168377447669,-0.0167941543142506
"1224",-0.0462795205725317,0.0307810336276086,-0.00792066350273958,-0.0129218719928947
"1226",-0.0453192039825669,0.0319773746855775,-0.00775136087588171,-0.00964022617548373
"1228",-0.0440966202961807,0.0335809064982599,-0.00757311761398903,-0.00520675326591162
"1230",-0.0427045528628707,0.0354198463323843,-0.00732460619638136,0.000120894804345209
"1232",-0.0413555266193355,0.037085875921977,-0.00732211918214506,0.00489464726840904
"1234",-0.0400010033622453,0.0386776989106766,-0.00737036851542068,0.00934467766250679
"1236",-0.0386328090914775,0.0402564660723656,-0.00727702422263988,0.0132678973025574
"1238",-0.0373803049520461,0.0416587709835567,-0.00711466929053141,0.0166525033987257
"1240",-0.0362685045473639,0.0428196043957993,-0.0070497072154551,0.0193479305393716
"1242",-0.0356087461092087,0.0434227810891698,-0.00725184556572009,0.0206694605050493
"1244",-0.0354303731061287,0.0435353047381481,-0.00746437579160285,0.0219996717275448
"1246",-0.0355654694218339,0.0433438837309351,-0.00760703407101168,0.0238668658458178
"1248",-0.0360683258275393,0.0427447037183831,-0.00789721548706226,0.0251983173624122
"1250",-0.0368376615236358,0.0418225248994253,-0.00835162691192211,0.0259428038150815
"1252",-0.038151985214885,0.0402655430802951,-0.00896333988677576,0.0262066377085125
"1254",-0.0402597529401679,0.0376678455253322,-0.00991369666457058,0.0260932837586819
"1256",-0.0434194339461756,0.0336952760669992,-0.0112966142802063,0.0253131774818955
"1258",-0.0484717867678401,0.0272026117764113,-0.0135098165005447,0.0218565804502336
"1260",-0.0568340200492861,0.0156290038798462,-0.0169742446243909,0.0151126593496435
"1262",-0.0707560333944369,-0.00766897550443047,-0.0230457226678825,0.00293107090899328
"1264",-0.0882066122031924,-0.0582727269591045,-0.0338477445518806,-0.0311327727778968
"1266",-0.0690620260357783,-0.102738067332399,-0.0319931838402673,-0.0652285210658275
"1268",-0.0347745295675475,-0.0981786908568541,-0.0200861326201742,-0.0640627568764219
"1270",-0.0164862969205807,-0.0886309743231508,-0.0131665431550381,-0.0590626370279886
"1272",-0.00624696358514215,-0.0818097469304057,-0.00934063356394151,-0.0559051867594368
"1274",5.69893923656607e-05,-0.0771074318355719,-0.00694001777329333,-0.0539172784572044
"1276",0.00430405894584943,-0.0737174314314622,-0.00525870266355689,-0.052764644229019
"1278",0.00750053954850084,-0.0710311987478042,-0.00392738926973876,-0.0518524810414317
"1280",0.0100234422883809,-0.0688146684104401,-0.00278803847727395,-0.0508773615808375
"1282",0.0120618378605116,-0.0669521172797145,-0.00177439961096048,-0.0500130137197085
"1284",0.0138126706371001,-0.065290046765861,-0.000814401526139394,-0.0489044905860512
"1286",0.0153624839915944,-0.0638046211885875,7.39301029012124e-06,-0.0481251450021893
"1288",0.0167407623700252,-0.0624437758729565,0.000798249556810658,-0.0474933924466853
"1290",0.0179041105322654,-0.0612543290020232,0.00155717810742054,-0.0467463282404372
"1292",0.0188708594790361,-0.0602214421478206,0.00226966540290802,-0.0459494653161423
"1294",0.0196669773395846,-0.0593441273693718,0.00290603593323013,-0.0452271095930632
"1296",0.0203278065666764,-0.05859205115654,0.00348196043444537,-0.0446382844187738
"1298",0.0209193473581067,-0.0578917953495214,0.00405020177604259,-0.0441884974022098
"1300",0.0214193003445595,-0.057252921445472,0.00463009013523808,-0.043732972136541
"1302",0.021812901144361,-0.0566904885580245,0.00520926331241407,-0.0432532896269268
"1304",0.0221254162420498,-0.0561836071431475,0.00579279782408017,-0.0427180843650743
"1306",0.0223901628964446,-0.055691542209928,0.00641224068033979,-0.0421038443739285
"1308",0.0226001682551706,-0.0552219124112218,0.00704500494602454,-0.0416644076079082
"1310",0.0227689326033146,-0.0547557814289614,0.00770334134335466,-0.0414439698200219
"1312",0.0228972623812257,-0.0542893459534569,0.00840276911123674,-0.0412251502003569
"1314",0.0229666351123253,-0.0538456659578541,0.00912830020265101,-0.0409431230503695
"1316",0.022970065449618,-0.0534246332077359,0.00988709956687482,-0.0406580440122078
"1318",0.022941142144697,-0.0530025914779794,0.0106655472943898,-0.0403625388137565
"1320",0.0229232728975578,-0.0525440940731709,0.0114600324336693,-0.0401194964076015
"1322",0.0228759071656931,-0.0520666732337924,0.0122994528934058,-0.0398719680882183
"1324",0.0227665876537341,-0.0515749582881007,0.013223558679453,-0.0394196299282101
"1326",0.0226161820098666,-0.05104657542199,0.0142409851052688,-0.0386727309437925
"1328",0.0224391652981563,-0.0504791486726972,0.0153232524796582,-0.0378416685393343
"1330",0.0221784521409809,-0.0499181778825017,0.0164334952187951,-0.037218658213989
"1332",0.0218455059858608,-0.0493446645475024,0.017585266499676,-0.0367637089718366
"1334",0.0214267228137285,-0.0487741099161918,0.0187735814375004,-0.0363342409230398
"1336",0.0208946579036304,-0.0482369677644858,0.0199737342012289,-0.0359046596243542
"1338",0.0202782408179252,-0.047691353144407,0.0212097691069613,-0.035529567538712
"1340",0.0195550025822441,-0.0471811685361541,0.0224418585776899,-0.0351546531531385
"1342",0.0186661354041996,-0.0467724055283608,0.0236121394275058,-0.035010132939036
"1344",0.0175634610619096,-0.046501667183086,0.024693029783241,-0.0353103707507801
"1346",0.0162240534282364,-0.0463435863847503,0.0257722998744297,-0.0354855813638275
"1348",0.0145892758087731,-0.0463313054690274,0.0268570965912225,-0.0354224233902447
"1350",0.012603712225981,-0.0465468212659973,0.0278435169613788,-0.0356201424138915
"1352",0.0102102943182817,-0.0469941071008791,0.0287600778147315,-0.035988828119571
"1354",0.00743364075251446,-0.0476306946019349,0.0296453344819264,-0.036205150380751
"1356",0.00431200116534736,-0.0484409391778399,0.0304374336227713,-0.0364870783265351
"1358",0.000848537131121873,-0.0493376071676488,0.0311703261731694,-0.0367068477838948
"1360",-0.00284603319656559,-0.0501155688537578,0.031930932428414,-0.0368557938604138
"1362",-0.00675483884669863,-0.0507003250460125,0.0327000150686528,-0.0373158992337215
"1364",-0.0109292072344418,-0.0509802072427774,0.0335060980624809,-0.0384437716620195
"1366",-0.0152684976106033,-0.0506809886188281,0.0344737994549028,-0.040350365788355
"1368",-0.0196422294792279,-0.0494520727351346,0.0358572411663025,-0.0421694555329597
"1370",-0.0240086536555063,-0.0471175130911075,0.0377233726801041,-0.0432787957570748
"1372",-0.0282954563388291,-0.0436230950365268,0.0399192630156305,-0.0438428993932777
"1374",-0.0323595379303008,-0.0388514959211123,0.0423377706884225,-0.0436160369314037
"1376",-0.0360691580502838,-0.0327892233940725,0.0448145019268967,-0.0421519730073388
"1378",-0.0393039087586862,-0.0255050677569281,0.0471009567044665,-0.0394994605731709
"1380",-0.0419401248953528,-0.0171335798711358,0.0489495421586923,-0.0357037779227535
"1382",-0.0438258995152788,-0.00796563639416604,0.0501487972789231,-0.0308550318881364
"1384",-0.0447993734482748,0.0016760818203787,0.0506286180218152,-0.0249229729207155
"1386",-0.0448729856229573,0.0113814217965505,0.0502881527016405,-0.0182060081998918
"1388",-0.0441310158367259,0.0207338239420784,0.0490720311857651,-0.0112590667894875
"1390",-0.0426211060091078,0.0294691850336592,0.0470955105972871,-0.00448837027064562
"1392",-0.0404888788138221,0.037369463672317,0.0445291672393061,0.00194233766010268
"1394",-0.0378976503734015,0.0443379040424143,0.0415528541619667,0.00794201787030273
"1396",-0.0349414137993264,0.0504263337156557,0.0382863341069409,0.0132336384063477
"1398",-0.0317125876481077,0.05570896942517,0.0348018058812418,0.017812825786478
"1400",-0.0283039010266579,0.0602307398632779,0.0311176918442005,0.0216220842384717
"1402",-0.0247845397545615,0.0640328536126328,0.027272336589582,0.0245454851539053
"1404",-0.0212264183827592,0.0671473281973292,0.0233268281881208,0.0264921554475344
"1406",-0.0176217794868974,0.069696075579075,0.0194028842547871,0.0277786068547509
"1408",-0.0140091330969548,0.0717356767417844,0.0155670751135799,0.0284254462781959
"1410",-0.010510180148539,0.0732586019348899,0.01187281682766,0.0283992929233447
"1412",-0.00718809001469622,0.074290001610618,0.00831248501579192,0.0275105048229007
"1414",-0.00411330237640873,0.0748434451140388,0.00488608720783108,0.025606267022377
"1416",-0.00131867156564847,0.0750151039110836,0.00169655448278399,0.0229384149550597
"1418",0.00128203333227899,0.0749112101926325,-0.00127221690077114,0.0194942441269813
"1420",0.00358439851302527,0.0744714988212718,-0.00409429148103059,0.0153161481320639
"1422",0.00542914729131526,0.0736140114420059,-0.00685803504736118,0.0101975978568618
"1424",0.0070139774502897,0.0725483037528218,-0.00948464736624194,0.00438960600268122
"1426",0.00843315963579816,0.0713737485460147,-0.0119255239385218,-0.00197144477723876
"1428",0.00972548975567692,0.0700433512976143,-0.0142297789752047,-0.0091727275780192
"1430",0.011031248159976,0.0686705971910376,-0.0163429535654355,-0.0172099403509886
"1432",0.0124767728945019,0.0675189535791582,-0.0178361162539658,-0.0249186908477652
"1434",0.0139355805618989,0.0663914626998863,-0.0186928522363236,-0.0317329986781993
"1436",0.0154724700723218,0.0652230836214733,-0.0189347915727223,-0.0384608799103755
"1438",0.0171263749690667,0.0637447870394651,-0.0185551647000492,-0.0471375582015291
"1440",0.0194841938656561,0.0617124754184471,-0.017243991811323,-0.0565804248688646
"1442",0.0224713391057537,0.0589069925010614,-0.014448624681445,-0.0642835039508993
"1444",0.024896296182054,0.0540427429512324,-0.0108226267892756,-0.0745837647445213
"1446",0.0282242080248144,0.0470308762855931,-0.0053163285952212,-0.0840775668947147
"1448",0.0330364740157892,0.0366204654420297,0.0034003007587005,-0.0856109719601555
"1450",0.0364935979659553,0.0206170088996832,0.0130972766823319,-0.0838186070243079
"1452",0.0371895940994086,0.00305693487889759,0.0209133379813867,-0.0800999572353365
"1454",0.0362473983422217,-0.0101454437644453,0.026722682987664,-0.0673201003510882
"1456",0.0344693994076331,-0.0184956128253059,0.030115023079052,-0.0509978596641927
"1458",0.0329868014339058,-0.0236487968489835,0.0312271187869725,-0.0399718146949459
"1460",0.0318658425541804,-0.0272494587297456,0.0308808314515105,-0.0346538583180822
"1462",0.031083116091856,-0.0298087241826208,0.0303356774989031,-0.0308820162753475
"1464",0.0308702992332067,-0.0314389376595424,0.0299639552268257,-0.0261716902798057
"1466",0.0308703932151162,-0.0329387639633123,0.0290465087067754,-0.0232886985871357
"1468",0.0310223108527915,-0.0342470808986214,0.0279068295920208,-0.0215600388310299
"1470",0.0313364815542168,-0.035233893090345,0.0268727287900245,-0.0195977792634507
"1472",0.0315702742717436,-0.0362982908509567,0.0256098422475746,-0.0182216401225843
"1474",0.0317042938899176,-0.0374800105619234,0.0240736597552666,-0.0177427058386826
"1476",0.0320294483298619,-0.038461751296172,0.0225344091846366,-0.0171187818442626
"1478",0.0325364272188181,-0.0392528921856353,0.0210526124353918,-0.0157875846857642
"1480",0.0331328774872765,-0.0399819985871767,0.0194513956009861,-0.0143560758228528
"1482",0.0336696530760409,-0.0408001703770992,0.0176060951794884,-0.0131789763093752
"1484",0.0340673365271236,-0.0416492557529465,0.0157003788470002,-0.0123926883219118
"1486",0.034578731841375,-0.0421867163823548,0.0140321495966513,-0.0110388119520015
"1488",0.0351783877099856,-0.0425398870665862,0.0124102481041748,-0.00921592818266227
"1490",0.0357221229493939,-0.0428810042434077,0.0107592805293795,-0.00752375149880385
"1492",0.0362984542310678,-0.0431026290543231,0.00920300014765564,-0.00608640667400456
"1494",0.0368871229270004,-0.0432769320415259,0.00765209819812698,-0.00514159438837491
"1496",0.0374515436462947,-0.0434897285753658,0.006029257004272,-0.00451949573020243
"1498",0.0381162615882047,-0.0435891715153799,0.00441923240844725,-0.00407935178289372
"1500",0.0390201717867125,-0.0433834225072278,0.00295213949952522,-0.00331645029181625
"1502",0.040210582413228,-0.042786179275386,0.00169642277247467,-0.00178232352206125
"1504",0.0415260561715076,-0.0419614058988613,0.000580518225644234,0.000351298575452371
"1506",0.0427838449586238,-0.0411226240670934,-0.000548803982802221,0.00200873592103705
"1508",0.0440724790722634,-0.0401662880568832,-0.00167122865154857,0.00308276977718812
"1510",0.0454898003296267,-0.0389677688882183,-0.00273064673462579,0.00426136583511659
"1512",0.0469311297702338,-0.0376460295939232,-0.00375933761876521,0.00548360524917732
"1514",0.0484032937293047,-0.0362057279589348,-0.00477949512359819,0.00640152343266229
"1516",0.0498683643004796,-0.0346821765201096,-0.0058245076550725,0.00706168627708229
"1518",0.0512043257698503,-0.0332175340133455,-0.00697478080174498,0.00750662461051587
"1520",0.052427358104315,-0.0318007226887396,-0.0081490712942278,0.00793900075837659
"1522",0.0536078071771606,-0.0303542034646037,-0.00919205828666571,0.0086470125125013
"1524",0.0547633516672601,-0.0288590663841906,-0.0100861407577472,0.00950537299613343
"1526",0.0559194205749848,-0.0272906311137025,-0.0107947048998214,0.0108869739578398
"1528",0.0570793693784879,-0.0256742914104195,-0.0113532207855001,0.0125746762088868
"1530",0.0582311852748801,-0.0240599564149361,-0.0118668487010137,0.0138272116437456
"1532",0.059292187667414,-0.0225607205875047,-0.0123531936107753,0.014887434545988
"1534",0.0602160855798867,-0.0212161868272004,-0.0127546587071701,0.0165367567858036
"1536",0.0611809660240532,-0.0197909655509141,-0.0130536962685612,0.0185323389079183
"1538",0.0621889549238376,-0.0182778204928842,-0.0132668850735363,0.0206716542563731
"1540",0.0630648280411106,-0.0169076850814186,-0.0134644795077683,0.0227861749468099
"1542",0.0637650139382022,-0.0157511902276559,-0.013699986418874,0.0248879003406921
"1544",0.0643056662052463,-0.0147993593082989,-0.0139472870524252,0.0270059838751809
"1546",0.0646320842038909,-0.0141547619616318,-0.0142879474539166,0.0284258792538354
"1548",0.0647422645383177,-0.0137931986243541,-0.0146631652167047,0.0298122256608686
"1550",0.064698383550618,-0.0135710077527239,-0.0150950649014132,0.0315467565545563
"1552",0.0646424079750075,-0.0133084412142854,-0.0155756601359759,0.0331870769650198
"1554",0.064443146946117,-0.0132486883015033,-0.0161616354658602,0.0343104979202485
"1556",0.063969353800861,-0.0135554498673217,-0.0169131464369911,0.035142446696602
"1558",0.0635367680560969,-0.0137463200666335,-0.0176690804173144,0.0362630836056172
"1560",0.0632176683132109,-0.0137204258027486,-0.0184936230267166,0.0370153227953084
"1562",0.0629346775004586,-0.0135463203451327,-0.0193323309174094,0.037848045847153
"1564",0.06260169072101,-0.0133318674939687,-0.0201483667494607,0.0393789339467087
"1566",0.0622106703588783,-0.0131457994340957,-0.0210596328830049,0.0407553976667388
"1568",0.0617727134010167,-0.0129932785916461,-0.0221235825468899,0.0412341828405086
"1570",0.0613608167093143,-0.0127247383905723,-0.0230794415589309,0.0424369962774862
"1572",0.0608818984733446,-0.0124666681904348,-0.0240315631552059,0.0441852196207236
"1574",0.0602502553679596,-0.0123441094722197,-0.0252024317512796,0.0452883801540815
"1576",0.0595144532988868,-0.0123580578516718,-0.0263920582539118,0.046332783696034
"1578",0.0586587630740275,-0.0125881641253998,-0.0274744730768608,0.0476306453779968
"1580",0.0578292427794181,-0.01279294143464,-0.0283717666644326,0.0492354978984728
"1582",0.0569579059759197,-0.0130140121107252,-0.029409387391747,0.0495999227526074
"1584",0.0560241331826329,-0.0131889966084335,-0.0307069904022146,0.0486030026730011
"1586",0.0550821982338501,-0.01321115884082,-0.0317865331631058,0.0488007521039838
"1588",0.0540553673515281,-0.0132627989273713,-0.0326773399257765,0.0497680765156962
"1590",0.0528286977733382,-0.0136060595160089,-0.0336524545057105,0.0499061132528812
"1592",0.0515057552561276,-0.0140861003956984,-0.0346330719156144,0.0498502129177772
"1594",0.050109002731773,-0.0146156010148829,-0.0357279496436226,0.0495374123431232
"1596",0.0485569656485929,-0.0152287060469418,-0.0370338636157333,0.0485121805842595
"1598",0.0468517935990437,-0.0159305582697855,-0.0383964978729066,0.0472341267893534
"1600",0.0449621366733108,-0.0168814308415808,-0.0397982904105398,0.0460901645106577
"1602",0.0430318628015559,-0.0180015433832397,-0.0410791330591701,0.0456196083213133
"1604",0.0409279153444374,-0.0193495198767052,-0.0424267618387044,0.0449563636546302
"1606",0.0386048568187631,-0.0205977806497857,-0.0441004474986149,0.0438573892071264
"1608",0.036403741041461,-0.021385328261405,-0.0456318697677093,0.0441275949748564
"1610",0.0343327227886882,-0.0219418761053684,-0.0468227494343512,0.0460815515333192
"1612",0.0319876039885034,-0.0227444041424312,-0.0479228161475357,0.0490568116191957
"1614",0.0292590696723033,-0.0239717254743507,-0.0491517364051982,0.0517647672865067
"1616",0.0263583793195179,-0.025270699537863,-0.0506153664943642,0.0534141520346622
"1618",0.0233495461212011,-0.026340439079342,-0.0522227120581619,0.0542647662249949
"1620",0.0202787401946264,-0.0270878259183559,-0.0535581462889593,0.0561466722170195
"1622",0.016900338294469,-0.0279675809237074,-0.0548695982066754,0.0580642765579443
"1624",0.0133275764432435,-0.0293253404171029,-0.0564569131332414,0.0574687920329804
"1626",0.00955961768368451,-0.0312042190153902,-0.0582482058270344,0.0545716088313929
"1628",0.00560740063647161,-0.0329262083181515,-0.0599397411662237,0.0521484443346027
"1630",0.0015620972321778,-0.0342245866986293,-0.0614024975820045,0.0509592659008358
"1632",-0.00249132534446431,-0.0353609058064108,-0.0626773826646822,0.0494389269239849
"1634",-0.00661080640638918,-0.0363061645015909,-0.0634105298759764,0.0496320470126558
"1636",-0.0111568050624482,-0.0373651350157368,-0.0637732954307611,0.0501325613923011
"1638",-0.0156881400170869,-0.0381422130781444,-0.0637216674767485,0.0497701683237246
"1640",-0.0199505275769464,-0.0380867341998053,-0.0631661686148675,0.0487687892447892
"1642",-0.0241532587944899,-0.0373939445642857,-0.0617359931753435,0.0495306445706359
"1644",-0.0281723856600861,-0.0361393797419473,-0.0591900350754815,0.0530045714108303
"1646",-0.0320015276324546,-0.0347859844896399,-0.056547103398512,0.0531938061651176
"1648",-0.0354701047700834,-0.0334502832384395,-0.0539100987364574,0.050076713451857
"1650",-0.0380844777982083,-0.0317167010054977,-0.0507905949135574,0.0476547197690351
"1652",-0.0399379251843763,-0.0298424132005424,-0.0475738641296318,0.0468625230173565
"1654",-0.0409662831399964,-0.0280190066712265,-0.0447155701400302,0.0463187988392719
"1656",-0.0411413341376308,-0.0261795724503833,-0.0422468668725545,0.0466379114071506
"1658",-0.0405859976756748,-0.0243357355841481,-0.0401974508052798,0.0479696798873775
"1660",-0.0392199322800651,-0.0224072030653586,-0.0386982649282199,0.0500514236375876
"1662",-0.0367444823013338,-0.01999156779146,-0.037544654471946,0.0527646745450214
"1664",-0.0329888736995398,-0.0169911538180548,-0.0366523805240768,0.0559099071851509
"1666",-0.0271305145768331,-0.012919270965248,-0.0354447222106242,0.0623979303504929
"1668",-0.0183204289184431,-0.00743231583364263,-0.0337375693437073,0.071382408779387
"1670",-0.0059114050639431,-0.00039480480003704,-0.0312893231247517,0.0821654706339874
"1672",0.00987686495304835,0.00803519775458771,-0.0274798086484427,0.0941489925809727
"1674",0.0268252860399111,0.0163880748907353,-0.0226258833511758,0.103564071991831
"1676",0.0416465517546726,0.0228950518665058,-0.0176851294809253,0.107922264722746
"1678",0.0521407671229579,0.0266156139309682,-0.0137886966306832,0.107613801571893
"1680",0.0580640796171702,0.0276832996820607,-0.0115345584368144,0.104463852270413
"1682",0.0603185340911889,0.027119572308834,-0.0106648488344743,0.101489949727306
"1684",0.0598250099780359,0.0254960481338211,-0.0109788382102993,0.0998039112182684
"1686",0.0566775752933472,0.0225459652147332,-0.0127495898961984,0.0966266375114882
"1688",0.0509918050468507,0.0184263344669124,-0.0155587575828551,0.0927453240417826
"1690",0.0430708909246215,0.0133856208776999,-0.0185881869677428,0.0896230446116644
"1692",0.0335761104322025,0.00796011887779787,-0.0212367689890843,0.0876226874376224
"1694",0.023413913399591,0.00271685297185103,-0.0232079178054914,0.0858330371054312
"1696",0.013317089591472,-0.00216779769439594,-0.0244274745245782,0.0834880213054499
"1698",0.0039315873842337,-0.00639504949150962,-0.0247690426432634,0.0812245341813928
"1700",-0.00480900722347327,-0.00991728246237207,-0.0242963782130469,0.0791575177165913
"1702",-0.0133034220153666,-0.0130472783081143,-0.0232979851689267,0.0755488288681347
"1704",-0.0214369829860712,-0.0156794195966374,-0.0215468806121119,0.0712533481034114
"1706",-0.0289784732738079,-0.0179256929780345,-0.0192547299013301,0.0671371701180345
"1708",-0.0357372282698711,-0.0203183726969066,-0.0171381890477849,0.0612288071101484
"1710",-0.041240246384784,-0.0229890499910181,-0.0155255282289063,0.0545238900992409
"1712",-0.0453947103296283,-0.0265095752786346,-0.0146953541941697,0.0482457607118871
"1714",-0.0480867414633627,-0.0311043896564349,-0.0146556386808557,0.042855728198159
"1716",-0.0489893524489565,-0.0368993495887394,-0.0150660788841059,0.0375205156264473
"1718",-0.0475185030295895,-0.0439583115778415,-0.0148752463057786,0.0307042423284325
"1720",-0.042288569027054,-0.050547321226398,-0.0111411145579322,0.0236204366586715
"1722",-0.0315454397736888,-0.0521163592051827,-0.000513248851497923,0.0150946998996023
"1724",-0.0163694843243383,-0.0433558403062,0.0157349828485282,0.00495544366712813
"1726",-0.00367701054487188,-0.0284298664311718,0.0302873436229119,-0.00258304267262882
"1728",0.00262376306229473,-0.0159130371244394,0.0393651020964313,-0.00650817960982778
"1730",0.0046227995623461,-0.0074562153363368,0.0446369287848696,-0.00809287411120094
"1732",0.00436972629740712,-0.00194866188530367,0.0479852981461125,-0.00887928018898924
"1734",0.00267300798320405,0.00144499996724202,0.0502847812855772,-0.00939831040015352
"1736",-0.000129321558152302,0.00331342351751571,0.0520011185188275,-0.00978280277774594
"1738",-0.00420357986567186,0.00382526787645969,0.0532882064096646,-0.0108129471663855
"1740",-0.00986160343228621,0.00309557532183329,0.0542825437083797,-0.0118796162181578
"1742",-0.0174161226186595,0.00119757554984003,0.0548205687491275,-0.012772928581305
"1744",-0.0269174196751971,-0.00195307598976465,0.0542671839666908,-0.0145100385727811
"1746",-0.0373222611040901,-0.00584891130037901,0.0522206111452137,-0.0169044736617674
"1748",-0.04723353428357,-0.00984602403917445,0.0485963912511742,-0.0198988860516794
"1750",-0.0553452082420735,-0.0134024911756747,0.0440422468955882,-0.0233710436711869
"1752",-0.0608783263402764,-0.015786798059239,0.0400564891869587,-0.0252802331351143
"1754",-0.0641034680665522,-0.0170213494082507,0.0373353399158671,-0.0264633729011848
"1756",-0.0656887283657736,-0.0173217463835393,0.0358024718637574,-0.0281450566781481
"1758",-0.0658629534702363,-0.0167487048497125,0.0354199080046186,-0.0299932102726355
"1760",-0.064674110880646,-0.0153787146627055,0.0360240611289516,-0.0316389016671831
"1762",-0.062346216677694,-0.0133023409761007,0.0374396325983182,-0.0307183062628453
"1764",-0.0592649762601208,-0.0109294398891867,0.0391685038049273,-0.0279703057307213
"1766",-0.0562295337069466,-0.00897785431796289,0.0404311704620339,-0.0258023607350002
"1768",-0.0537541428811965,-0.00772913114466881,0.0411768842549422,-0.0236748986535612
"1770",-0.0523381137735892,-0.0072969503059825,0.04144675935083,-0.0203317043256548
"1772",-0.0523463915387836,-0.00789170405869057,0.0411516149893578,-0.0159582065548497
"1774",-0.0538168567631926,-0.0095660960479923,0.0403736741405067,-0.0104690710384321
"1776",-0.0569105856054612,-0.0126661857993655,0.0389764161909503,-0.00353015473317903
"1778",-0.0617834131728142,-0.0174565165986623,0.0364343909226398,0.00468044637416668
"1780",-0.0681694061736741,-0.0240520538956265,0.0322569351449752,0.0133886863111691
"1782",-0.0751702203370167,-0.0318533229274688,0.0266536637695353,0.0235705832798544
"1784",-0.0821482118294371,-0.0408198986889468,0.0194241884400481,0.0352796544174489
"1786",-0.088261759729263,-0.05093521068245,0.0104140680986935,0.0457236303868855
"1788",-0.0928050816056707,-0.0611919611263859,-0.000195889849656358,0.0518304504983516
"1790",-0.0952840665098464,-0.0707723215396453,-0.0111419479153378,0.0530921322648058
"1792",-0.0953235913526878,-0.0784287793437457,-0.0200120886727115,0.0536890963019321
"1794",-0.0936614102668939,-0.0839756516010684,-0.0260432207268623,0.0554917045766735
"1796",-0.0913839417953266,-0.0879766631342433,-0.0301222354842299,0.0566005330764188
"1798",-0.088828250763471,-0.0908229001976032,-0.0326068866572513,0.0581833971064792
"1800",-0.0862392073073647,-0.0926389429055936,-0.0334111796789942,0.0614358482315241
"1802",-0.0840871993255082,-0.0938462067447087,-0.0329067823160215,0.0637820315785412
"1804",-0.0827861273988909,-0.0938549319431283,-0.0312710991770321,0.0658516814213026
"1806",-0.0823936311839987,-0.0930230046133506,-0.0290383524147021,0.0667840298444149
"1808",-0.0830759422214515,-0.0923973432512914,-0.0268873232056064,0.0635504006816136
"1810",-0.0849147289713114,-0.0913373165590782,-0.0250533700805401,0.0578327094429424
"1812",-0.087504780984239,-0.0888942314303107,-0.022646492608182,0.0505180542557906
"1814",-0.0900705588803051,-0.0848429810798884,-0.0190750551407109,0.0409347974643711
"1816",-0.0919169597592349,-0.079989538339813,-0.015163381438736,0.0286927262282684
"1818",-0.0929722785349653,-0.0745862833220012,-0.0113845084646765,0.017791262832233
"1820",-0.0932990678726303,-0.0683767484991779,-0.00740631805799525,0.0109499627654695
"1822",-0.0927810156261284,-0.0618203178684035,-0.0033452816618869,0.00571419967589369
"1824",-0.0915476643326023,-0.0555136398820579,0.000559402034419588,0.00133177722969996
"1826",-0.0897337953623387,-0.0490344190342571,0.00419049650861845,-0.00177441517104385
"1828",-0.0873860054551703,-0.0419855064810202,0.00723508846281506,-0.00493750956083568
"1830",-0.0846287310972007,-0.034609829366948,0.00971026942296597,-0.00928279070081968
"1832",-0.0813800331482315,-0.0269886498468376,0.0119226860280491,-0.0139101740488909
"1834",-0.0775737498131822,-0.0191166333832598,0.0144236721559793,-0.0165506851743726
"1836",-0.0739598781723368,-0.0120920226337579,0.0171881008304093,-0.0171431658592714
"1838",-0.0714684818358859,-0.00714565166186697,0.0196176185741784,-0.0169609628917258
"1840",-0.0698826853103871,-0.00384545169133782,0.0217383619825182,-0.0150435677427777
"1842",-0.0685130354691612,-0.00127609667196969,0.0235711649339981,-0.0114017752111538
"1844",-0.0670254617508007,0.00110376270704314,0.0248486628925741,-0.00732852655364582
"1846",-0.0653224367223711,0.00385021453019388,0.0255506708268591,-0.00356067556866383
"1848",-0.0635239195210939,0.00721987930259353,0.0256671878414093,-0.000542203206213501
"1850",-0.0616773177200507,0.0112882401689463,0.0251829824489726,0.00176474536868002
"1852",-0.0596967948943862,0.0160073572768292,0.0241731941084908,0.00320694284751319
"1854",-0.0576143718668092,0.0209776452667283,0.0225496532759194,0.00345333044870041
"1856",-0.0554005849604671,0.0257787436089059,0.0202996704393718,0.00281767931439584
"1858",-0.0529656034333474,0.0301547641419282,0.0176042900474677,0.00187682716471779
"1860",-0.0503390301227783,0.0339795864739189,0.0145678843059403,0.00133018895604643
"1862",-0.0475278797548891,0.0373200280652392,0.0112498140673875,0.00183620430629266
"1864",-0.0445633362729385,0.0401855093511169,0.00759707842744347,0.00323764179079838
"1866",-0.0414597332712914,0.0425123038691937,0.0034671469188818,0.0050474658690305
"1868",-0.0381419267230201,0.0442668492354667,-0.00123282754603292,0.00680847617662576
"1870",-0.0345136131580358,0.0454138690006547,-0.00655172534100426,0.00834129495697484
"1872",-0.0305023328680191,0.0458698435402363,-0.0124828376322846,0.00971598307674199
"1874",-0.0260682493641536,0.0455249653800368,-0.0189402734236016,0.0108602504168041
"1876",-0.0212352696265516,0.0442783208839848,-0.0257564887424763,0.0116045464525997
"1878",-0.016133164427422,0.0420540614447917,-0.0326864087931527,0.011842001910042
"1880",-0.0109516289887019,0.0389109846364111,-0.0393834099908136,0.0115645795931715
"1882",-0.00588476379324682,0.0350927434060706,-0.0454697633458226,0.0109418182879955
"1884",-0.00112866770297775,0.030879660215496,-0.0507126824283993,0.0100509908467291
"1886",0.00314228922155725,0.0264862646419993,-0.0550683809335204,0.00879159294144112
"1888",0.00682312989686793,0.0220664769793959,-0.0586172264373311,0.00701574637424671
"1890",0.00991885464306383,0.0177369437904756,-0.0614500608329064,0.00484447604500451
"1892",0.0124782473663356,0.0135934054797989,-0.0636151579197821,0.00260165755128748
"1894",0.0145073449726844,0.00968881973373091,-0.0651751657772252,0.000328815526601771
"1896",0.0160167845235165,0.00605212940439157,-0.06621908867244,-0.0022179522888184
"1898",0.0170573566549265,0.0027179892755036,-0.0668252503014744,-0.00531598507714947
"1900",0.0177084596687183,-0.000303627264285852,-0.0670329543127622,-0.00895785468936888
"1902",0.018078588309808,-0.00296577704013917,-0.0668043600982914,-0.0126681836284777
"1904",0.0182643728945523,-0.00522343372296715,-0.0661542833355962,-0.0161566461203667
"1906",0.0183878598469711,-0.00711541244979661,-0.065217171397427,-0.0196780482138715
"1908",0.0186001755200095,-0.00877841336379667,-0.0641509390969518,-0.0233038048192473
"1910",0.0191221645540036,-0.0102137084568433,-0.0631221022853647,-0.0270048839572581
"1912",0.0202144761173367,-0.0112706083377221,-0.0621872062064804,-0.0303812253640078
"1914",0.0219989822872078,-0.0120147699273294,-0.0613388694755315,-0.0328425754218051
"1916",0.0246879499732215,-0.0125419575633426,-0.0604751560511563,-0.0340787157890445
"1918",0.0286505431182393,-0.0125923548355551,-0.0593045295137709,-0.0338844467720611
"1920",0.0338563766653123,-0.0121440930183831,-0.0577229876702168,-0.0329435909553116
"1922",0.0401014527602834,-0.0112095389789807,-0.0548498444696758,-0.0302897440740996
"1924",0.0469786648112543,-0.00891602125117641,-0.0486761536361077,-0.0236169613467363
"1926",0.0526607058011772,-0.00443641488853956,-0.0372979841944235,-0.0118546751201028
"1928",0.0538855581386938,0.00112236148130128,-0.0209828155726881,0.000721987093318761
"1930",0.0492063110328719,0.00545085714595923,-0.00334274867106088,0.0105911898526101
"1932",0.0415024266435144,0.00855511572777768,0.0119609217045261,0.0193449242185566
"1934",0.0340389639683709,0.0113007840416333,0.0237142837605444,0.0264838287736074
"1936",0.027554228365449,0.0135599479061646,0.0325739221730007,0.0306162820853237
"1938",0.0217725157392583,0.0151017686623563,0.0393582626938492,0.032377047801731
"1940",0.0167289244718975,0.0162091420487483,0.0448558494546649,0.0330310005866934
"1942",0.0119813519866073,0.0165374069740075,0.049141029895314,0.0316765001928489
"1944",0.00766923761689843,0.0163727626172673,0.0527741067263849,0.030314569916909
"1946",0.00391990834760376,0.0162669100237674,0.0560409521074316,0.029145684261022
"1948",0.000719725872155297,0.0165046903638936,0.059047335937449,0.0283666550810611
"1950",-0.00211580423380992,0.0166340755795007,0.0615596825081997,0.027752646783489
"1952",-0.00481746308003968,0.0162674782016374,0.0633834232179294,0.0262483271337402
"1954",-0.00724299605730264,0.015662143725876,0.0648076884711432,0.0251650161363525
"1956",-0.00916626511658609,0.0150554505848407,0.0659245429902246,0.0249177022861081
"1958",-0.010618840253359,0.0145028401038122,0.0666433069986786,0.0234437819599967
"1960",-0.0119098399220554,0.0138446368545932,0.066936422531839,0.0203296648856308
"1962",-0.0130879270525422,0.0130952474871937,0.0671503616992836,0.0182053249156311
"1964",-0.0141649356302604,0.0121528393445212,0.0673409540577885,0.017126276362157
"1966",-0.0149894992195076,0.011193124637429,0.0674999881312156,0.0160542135777673
"1968",-0.0155626341351165,0.0104054818031035,0.0676001939922226,0.0146192464808033
"1970",-0.0156665275743404,0.0100375168610964,0.0678899742195521,0.0136408692734313
"1972",-0.0155328614673526,0.00976356221903916,0.0682926787650816,0.0131760008575376
"1974",-0.0156004893713452,0.00913475052044479,0.0685271547571744,0.0123395370185559
"1976",-0.0157225684581031,0.00838940236462625,0.0687850692462961,0.0122824908276322
"1978",-0.0158150003810665,0.00758268496407557,0.0690298890200474,0.0128384773893721
"1980",-0.0158488397471347,0.00672213592568475,0.0690653319425048,0.012140908232536
"1982",-0.0157403013975424,0.00588648297798556,0.0688785413807869,0.00963270237633174
"1984",-0.0154694547366145,0.0051613169255044,0.0687582867880668,0.00738448395622142
"1986",-0.0152682539492033,0.00437230727161215,0.0686495572875199,0.00576024570380146
"1988",-0.0152443039011543,0.00339190385646412,0.0683702361801044,0.00377374657473516
"1990",-0.0152861838849532,0.0024319488580932,0.0680804630862727,0.00206388195053763
"1992",-0.0151338814547124,0.00185050136558975,0.0680545928130968,0.00171517652849736
"1994",-0.0147234851549826,0.00150981751924003,0.0682401443694057,0.00257857572713474
"1996",-0.0142740622968261,0.000987970522091553,0.0683984184760086,0.00382923523556065
"1998",-0.0137589596560934,0.000454102843552831,0.0686710829448368,0.00628012862213191
"2000",-0.013236940142987,-8.7395458564094e-05,0.0688327194484513,0.00827615155254138
"2002",-0.0126898831405982,-0.000673598966281162,0.068728733838924,0.00852946901450522
"2004",-0.0119791105825136,-0.00112614981809481,0.0686039450853421,0.00856856997447542
"2006",-0.0110970864493105,-0.00139449405545052,0.0685028321507127,0.00868565436509262
"2008",-0.0102179288844941,-0.00162990436527275,0.0682000016246786,0.00768623553436702
"2010",-0.00946483356876436,-0.00198085491698668,0.0675862450865668,0.00537246113424405
"2012",-0.0088474910932243,-0.00234631539379836,0.0668959990220911,0.0032521043453113
"2014",-0.00838621668053936,-0.00266369844497965,0.0661378491211531,0.00113071335834254
"2016",-0.00793933944214842,-0.00285869548679756,0.0653357796200565,-0.000624279641244682
"2018",-0.00753541421712538,-0.0031104080111273,0.0644856713515462,-0.00177865409882635
"2020",-0.00713819340079162,-0.0034247463954699,0.063729940598349,-0.00200501353558023
"2022",-0.00660900359192918,-0.00363503394629829,0.0630397754467805,-0.00211105794091342
"2024",-0.00597419442755432,-0.00375854291730556,0.0623180224345938,-0.0024402523467194
"2026",-0.00542417403824273,-0.00395959433220186,0.0615133315795826,-0.00277041145778365
"2028",-0.00496276102514142,-0.00424415359397716,0.0605337015296035,-0.00386458502952772
"2030",-0.00432787454390168,-0.00450712200215588,0.0595187162116318,-0.00494181366189474
"2032",-0.00338206899273007,-0.00471580067261054,0.0585225901485892,-0.00593872960181
"2034",-0.00233983504388461,-0.00484533579420807,0.0575937489518922,-0.0064469711787276
"2036",-0.00140885092264229,-0.00504869038177685,0.056658518393073,-0.00685229682626667
"2038",-0.000470202224319473,-0.00513120951339235,0.0557337026973765,-0.00732978211029875
"2040",0.000262994650924858,-0.005228387022339,0.0546967009884144,-0.00783339314152295
"2042",0.000824286842701651,-0.00539411336423797,0.0536029015353492,-0.00849593646233944
"2044",0.00147176107759615,-0.00546038926027517,0.052799990318345,-0.00830629776793823
"2046",0.00227479092361732,-0.00516845302262837,0.0526531021257541,-0.00502615891383396
"2048",0.002973855266858,-0.00469317547485421,0.0528986753179075,-0.000160721763356456
"2050",0.00341803668487749,-0.0043006468198237,0.0531083291078649,0.00362390818927208
"2052",0.00384658099920055,-0.00395786679177696,0.0532514849990111,0.00652334702378531
"2054",0.00433722272291475,-0.00376891037354127,0.0532920444971005,0.00831000695856031
"2056",0.00476631676783855,-0.00375390474555117,0.0532693528229244,0.00918409848874815
"2058",0.00502930916041254,-0.00410917881621945,0.0530001269209777,0.00894463195392016
"2060",0.00533391101414311,-0.00455913220602131,0.0525640028111284,0.00761154769617579
"2062",0.00568363939564989,-0.00483632222798421,0.0522366717364495,0.00681191997746134
"2064",0.00613744939543143,-0.00512524728227368,0.0517819583438755,0.00526767328824983
"2066",0.00691698030333249,-0.0055997312366825,0.0511927243888914,0.00313481475000743
"2068",0.00838352871973881,-0.00570091798139818,0.0512484176971382,0.00453041266920369
"2070",0.0104230023322509,-0.00535817316881223,0.0519495247110888,0.00918013101029217
"2072",0.0124810722105442,-0.00518626871898318,0.052736027118747,0.0141668034842358
"2074",0.0147539316982015,-0.00515007591442764,0.05352379978084,0.0190931556166006
"2076",0.017147907146376,-0.00547738487616943,0.054059403582172,0.0234466757652613
"2078",0.0194453201598219,-0.00619201716748815,0.0543384774731623,0.027929831802748
"2080",0.0216284930676636,-0.0072287004942815,0.0542306078981396,0.031935540939477
"2082",0.0235413231297349,-0.00863925364245382,0.0535903857151836,0.0335686380475612
"2084",0.0249733452351593,-0.0102229080636503,0.0527340572257848,0.034715794666516
"2086",0.0258561454073269,-0.0120029791429781,0.0515301803111267,0.0344290426722779
"2088",0.0265244522883992,-0.0138685215202248,0.0499377265861514,0.0325790204315603
"2090",0.0276428765591646,-0.015077383786527,0.0486796099285275,0.0325998267268465
"2092",0.028996209588135,-0.0158381100609678,0.0477660278357862,0.034163387012358
"2094",0.0300035324518789,-0.0168148926057183,0.046749194533548,0.0349815231461462
"2096",0.0308618934616976,-0.0179133066970106,0.0456128726095377,0.0354025337434998
"2098",0.0316498942023003,-0.0190997120736479,0.0443671617160496,0.0353681529951589
"2100",0.0321884514482786,-0.0205717778050616,0.04294479988356,0.0350100871316966
"2102",0.0328034875105027,-0.021870461594955,0.0417065443686038,0.0354531249765717
"2104",0.0335970425153585,-0.0229383022430682,0.0406491044878774,0.0363430226442738
"2106",0.0340500545804742,-0.0243809682304196,0.0392605116276468,0.0365452369069649
"2108",0.0339490523533788,-0.0264665586103254,0.0372271505690169,0.0342723991791194
"2110",0.033767832211702,-0.0286397488218706,0.0349861351516942,0.0314010957672028
"2112",0.0340534290293221,-0.030099516758594,0.0332078592637093,0.030949205996147
"2114",0.0344850804080649,-0.03111425569669,0.0318624822276502,0.0328972476877793
"2116",0.0347151768342844,-0.0321652851783069,0.030576239660429,0.0350659391337505
"2118",0.0347652034982582,-0.033397088625846,0.0290832390030771,0.0365811115231983
"2120",0.0346160160533366,-0.0348224684894939,0.027474786231775,0.0383727248132578
"2122",0.0340344799426538,-0.0366762116363441,0.0256476715284596,0.0398068188885402
"2124",0.0335104615296721,-0.0384085022416133,0.023813570735321,0.0407169688660384
"2126",0.033435038930456,-0.039668950750753,0.0221002778222102,0.0420627663732292
"2128",0.0333825770925898,-0.0410139999408547,0.0200905663611616,0.0436842536802383
"2130",0.0330997494449817,-0.0428091278318854,0.0172266052237592,0.0423527987534043
"2132",0.0326181547451176,-0.0448317041325354,0.0136530792479205,0.0372974706672466
"2134",0.0324436289328937,-0.046126792490188,0.0104881209571662,0.0330164353552426
"2136",0.0327500585929402,-0.0463059840891998,0.00830469067902702,0.0324568411338827
"2138",0.0334538068854196,-0.0456446919944897,0.00659672204634556,0.0328517676297291
"2140",0.0344296500433132,-0.0442544338134167,0.00550491356735234,0.0336621655715882
"2142",0.035346555682425,-0.0424916758382542,0.00533688884123901,0.0368033665574377
"2144",0.0359240024530647,-0.0409207404414043,0.00547369717904861,0.0396525324061046
"2146",0.036330275949569,-0.0395582478912935,0.00542048132047132,0.0393587923011094
"2148",0.036587386513281,-0.038453034025773,0.00534736299904566,0.0380068369723403
"2150",0.0365774227424025,-0.0379835160599425,0.00518666942798179,0.0377103054858436
"2152",0.0362543627172438,-0.0384030648637864,0.00437393249182949,0.0367687105801643
"2154",0.0352538975913713,-0.0398429591736147,0.00272115695633297,0.033251695814499
"2156",0.0338926426028579,-0.0416007248185346,0.00108437699574747,0.0293344670080472
"2158",0.032476297304411,-0.0432626380929694,-0.000188656132821957,0.0262548756605285
"2160",0.0306262071297221,-0.0454442093118666,-0.00184197432040861,0.0220722051843088
"2162",0.0286499855331295,-0.0477279099800905,-0.00326893889321169,0.0191128765930648
"2164",0.0270983914140328,-0.0494209010246337,-0.00354024578170817,0.0213586536772493
"2166",0.0256351496790149,-0.0508494725826935,-0.00312645923714816,0.0264281407817653
"2168",0.0238170541014411,-0.0524862796143596,-0.00270825270881806,0.0292945264296256
"2170",0.0213118435961317,-0.0546519330886153,-0.00251722436073428,0.0295826096958209
"2172",0.0180565548020907,-0.0575785114504844,-0.0026331539268533,0.0284546626769315
"2174",0.0142511016299123,-0.0612117621624251,-0.00333233949001285,0.0264988980638352
"2176",0.00985250389474912,-0.0653064562627933,-0.00425294393623742,0.024309883255928
"2178",0.00502260945064512,-0.0692551877954122,-0.00450324495574246,0.0220741297474523
"2180",0.000609382441439385,-0.0724139358984107,-0.00413001058218122,0.0192807485177246
"2182",-0.00417247957623904,-0.0759519183430786,-0.00480313875777641,0.0124470052238404
"2184",-0.00907090449598055,-0.0795097267084221,-0.0059569709265654,0.00481627171697977
"2186",-0.0129931332235213,-0.0818288625497145,-0.00612221017754406,0.00209300059078056
"2188",-0.0158067987636779,-0.0832524690007466,-0.00604524519532489,0.00225959842911544
"2190",-0.0179302986153253,-0.0843202202286387,-0.00593491006181719,0.00504044104640482
"2192",-0.0205381429380928,-0.0856991110615792,-0.00612720921613895,0.00965542672641946
"2194",-0.0240183910148866,-0.0877823996221863,-0.00754838848663401,0.0103254421930269
"2196",-0.0276476953679801,-0.0901765972644519,-0.0103021152112168,0.00817098295030153
"2198",-0.0317614778771284,-0.0929713994617726,-0.0138152100363114,0.00688012707063496
"2200",-0.0374751149974495,-0.0962860152074657,-0.0172575709635535,0.00673935528655664
"2202",-0.044778789699945,-0.0991893012159556,-0.0196956026268126,0.0108896659616829
"2204",-0.0543203157607822,-0.102089278035708,-0.0233807762302503,0.014170848495166
"2206",-0.0638558174793122,-0.102962639491801,-0.0279801509474887,0.0158969460856129
"2208",-0.071911051268123,-0.099758322987787,-0.0317530997377252,0.0147865666006711
"2210",-0.0766100649663368,-0.0919625298419688,-0.0350689843048353,0.00640791665684344
"2212",-0.075860281598372,-0.0777143535599377,-0.0352146625897767,0.00227649592111611
"2214",-0.0702262662407494,-0.0593581216494985,-0.0310911848267435,0.00599891903336651
"2216",-0.0633012781100064,-0.0432411621308816,-0.0271422382062398,0.00272067176456916
"2218",-0.0572441448012823,-0.0309536730056178,-0.0248529136063018,-0.00801641014663695
"2220",-0.0526553249029312,-0.0222970358761154,-0.0237107089124517,-0.0200171402253422
"2222",-0.0485595750909703,-0.0152363116472678,-0.0219123413092813,-0.0252938146237879
"2224",-0.044850869874432,-0.00899630560471726,-0.0190282958358362,-0.0245749386188351
"2226",-0.0423029911828871,-0.00426867828616166,-0.0163820170671388,-0.0234530800742725
"2228",-0.0405570017086752,-0.000856597923334655,-0.0145060277504613,-0.0236283667299433
"2230",-0.0392568111411869,0.00176723273365424,-0.0130620255761107,-0.0243371115504511
"2232",-0.0381961505461928,0.00397808875988293,-0.011832767815492,-0.0252432196080135
"2234",-0.0373894514595236,0.00600191893592628,-0.0104473767713206,-0.0256130699090906
"2236",-0.0368932912462454,0.0078109015803108,-0.00880642047776366,-0.0254506771937842
"2238",-0.036464562570083,0.00966265228206664,-0.00713670581631786,-0.0247572823545237
"2240",-0.0359796921110029,0.0117109207345117,-0.00552228889987283,-0.0238051243007524
"2242",-0.0355245350658348,0.0136619295837614,-0.00430406535593593,-0.0237561553334121
"2244",-0.0346592962002178,0.0159844261236663,-0.00325738249212659,-0.0224437200372792
"2246",-0.0329282853985682,0.0191189967466627,-0.00226429575183426,-0.0184683254979039
"2248",-0.0303882971444507,0.0228309778148264,-0.00177975380080978,-0.0135235392135455
"2250",-0.0272190254531408,0.0267647938132823,-0.00231165154509238,-0.00954166310196569
"2252",-0.0229667837739992,0.0312371082927186,-0.00391124782603755,-0.00556817207411704
"2254",-0.0170499263045765,0.036392933148204,-0.00679473007534869,-0.000622631281855797
"2256",-0.00986190270597484,0.041520651530943,-0.0111935893855264,0.00401685708098871
"2258",-0.00217826244738003,0.0458498956167755,-0.0166082713064722,0.00738578579956845
"2260",0.00473755483083483,0.0483573008327859,-0.0224958670070054,0.00941194431588625
"2262",0.009719442056462,0.048733766362008,-0.0276918368425509,0.0127485218851009
"2264",0.012229709099979,0.0472657636239693,-0.0316893187003369,0.0173709020725697
"2266",0.0125248818197133,0.0445447093075244,-0.0344617387992597,0.0230328263716601
"2268",0.0112446338808737,0.0407199287485561,-0.0366776777718663,0.0285403029520482
"2270",0.00895280480397921,0.035465953358427,-0.0387923446447172,0.0337695046722276
"2272",0.00625830907755513,0.0288935025845427,-0.0407947019791406,0.0388222626812033
"2274",0.00356743697262307,0.0216942180706601,-0.042795674863111,0.0407552771080404
"2276",0.00109590312713869,0.0145758539190041,-0.0445809978305271,0.0398322738276953
"2278",-0.00150209122025821,0.00771548497041638,-0.0459898960265575,0.0381917587667572
"2280",-0.00425274625428606,0.0016876249703918,-0.0470807469457727,0.0364361260457493
"2282",-0.00704652706466279,-0.00284357391997898,-0.0482270807450827,0.034776805627
"2284",-0.009679345865819,-0.00589769901473339,-0.0494107579475413,0.0349691000479587
"2286",-0.0122470290801211,-0.00785850346071981,-0.0502510508751195,0.0375911998478084
"2288",-0.0150975016698793,-0.00906026319904849,-0.0508393381068298,0.040550161691584
"2290",-0.0179586479811878,-0.00952493826238067,-0.0517334510090845,0.0397789309304916
"2292",-0.0204736766858842,-0.00933222756669381,-0.0525427575193142,0.0367929352542148
"2294",-0.0225266796465505,-0.0087638824836593,-0.0529675448057524,0.0343840673472178
"2296",-0.0241911592458739,-0.00803938032341138,-0.0534159341186946,0.0298563310593777
"2298",-0.0257835734385679,-0.00724140875098214,-0.0538620586931894,0.0217698179413077
"2300",-0.0277639780709151,-0.00661696575244653,-0.0538890579582269,0.0123202477693165
"2302",-0.0306073606968631,-0.00617593926121342,-0.0535591281004985,0.00102987950853892
"2304",-0.0346867443768181,-0.00502328333067035,-0.0525079012659664,-0.0124883140621425
"2306",-0.0399043564257729,-0.00183313208368193,-0.0498167988436377,-0.0291838320843383
"2308",-0.0453794340216075,0.00542594978358341,-0.042405790896464,-0.0488992538024223
"2310",-0.0474620470160299,0.0176357439456628,-0.0252694889863011,-0.0649636844799329
"2312",-0.0408969011048267,0.0299750990071675,-0.00146339151515809,-0.0672592852753889
"2314",-0.0299246305570027,0.0374552010356472,0.0169684953169854,-0.0572864217765777
"2316",-0.0209982878278661,0.0411901261305888,0.0276034375724224,-0.044414085912653
"2318",-0.0148680834802467,0.043374437926014,0.0335014379545012,-0.0321554870476225
"2320",-0.0108756878848223,0.0452421726988154,0.0362587812655873,-0.022065067243038
"2322",-0.00912681574440481,0.0469994687092805,0.0361750395721345,-0.013968588857659
"2324",-0.0101306459846892,0.0485353695103763,0.0325017275958817,-0.00843466599132864
"2326",-0.0144498112531729,0.0493953679851569,0.0234315825490354,-0.00462189635313267
"2328",-0.0219170944933017,0.0470916684335855,0.0051945983885622,-0.00236227969279936
"2330",-0.0282483157062973,0.0373148161608012,-0.0212741265061102,-0.000748583684152807
"2332",-0.0278363225238731,0.02347514146651,-0.0425117431999637,0.00333242499335914
"2334",-0.023214154305252,0.0130811856565699,-0.052584238554437,0.00834531422349523
"2336",-0.01793744469287,0.00749187999198127,-0.0562877166647778,0.0114168078819471
"2338",-0.0133502387722591,0.00459932884572822,-0.0574807693664729,0.0130816215932564
"2340",-0.00963407065219108,0.003259210300237,-0.0571599911361428,0.01688237959395
"2342",-0.00662558460808671,0.0030459847911883,-0.0563706237548644,0.020113557637637
"2344",-0.00476637990612691,0.00324863518211652,-0.0560810619094828,0.0194489288304772
"2346",-0.00429881972945573,0.00432135886948431,-0.056263594681785,0.0136203246472818
"2348",-0.00486476040977044,0.0071232417646517,-0.0559290507314152,0.0043724558711005
"2350",-0.00550266728844692,0.0114309274845066,-0.0540502812122391,-0.00697880789682404
"2352",-0.0045754363956663,0.0174170715426947,-0.049275015999505,-0.0162013665750865
"2354",-0.00135602447915173,0.0250486121322555,-0.0410613287940289,-0.0193004790080362
"2356",0.00286150145918754,0.0322054118699982,-0.0319436817358279,-0.0197967640647921
"2358",0.00633512681359063,0.0365485526670278,-0.0255246800869126,-0.0193414244079277
"2360",0.0080632809532497,0.0376110486813368,-0.0241305389911613,-0.0196664354742057
"2362",0.00852255123461814,0.0369006685618564,-0.0267541901223049,-0.0191952660466202
"2364",0.00778516481636758,0.034779812610198,-0.0316677698919423,-0.0170968514210256
"2366",0.00566893478423883,0.0314189797946809,-0.0376484325882933,-0.0149135319475617
"2368",0.00245799521033189,0.0277336194530719,-0.0431392885762447,-0.0149832828240715
"2370",-0.00184771921066205,0.0236008715286994,-0.0477287873233213,-0.0193442569672403
"2372",-0.00623791003638211,0.0192312377170479,-0.0514386877779469,-0.0240981452552598
"2374",-0.00880475894746177,0.0163970801318985,-0.0533447079643324,-0.0229800442036703
"2376",-0.00894603537602481,0.0161214486680672,-0.0532625753746597,-0.01624050081081
"2378",-0.00748202741056009,0.0173470794870072,-0.0524930012148233,-0.00939477730639923
"2380",-0.00531836653040664,0.0181347352859203,-0.0521640893361585,-0.00422711160986608
"2382",-0.00351577690983553,0.0176546863666973,-0.0530508470600709,-0.00561942508553373
"2384",-0.0017013087981359,0.0174586922084752,-0.0537755604365569,-0.0106477404815096
"2386",0.000202903071188689,0.0181881084405342,-0.0533773605315604,-0.0140061974704906
"2388",0.00229074234872959,0.0199656298441728,-0.0520313459372925,-0.0140718444089697
"2390",0.00446701489523626,0.0218595339855403,-0.0508087230234349,-0.0131732222564416
"2392",0.00650631812269032,0.0225976818063742,-0.050716411296491,-0.0148931051570012
"2394",0.00832263447365819,0.0229286377826316,-0.0506241466499404,-0.0141938844880095
"2396",0.00977361184672689,0.0237401104359181,-0.0498200265775649,-0.00996023784985261
"2398",0.0108921294033005,0.0248402197329625,-0.0491264272319318,-0.00728087592056086
"2400",0.0111366995839331,0.0252301160798373,-0.0494642528121777,-0.00649124286476162
"2402",0.0100249086446545,0.0241685908102035,-0.0513125665373113,-0.00806445465845493
"2404",0.00741137017123658,0.0220732790035078,-0.0542050103779465,-0.0140162208647461
"2406",0.00507012833273946,0.0208399219454246,-0.0564886964588884,-0.0198868571819374
"2408",0.00406943852987669,0.0212674485233903,-0.0573687254476546,-0.0230497764169001
"2410",0.00283996902163648,0.0214843509932882,-0.0581039133062864,-0.026903904116239
"2412",0.000592874752841564,0.020099150054496,-0.0595909802168618,-0.0308252836568009
"2414",-0.000704430269489417,0.0180844887136873,-0.061183186846544,-0.0320946609496746
"2416",-0.00105691603971293,0.0164661028671814,-0.0622599855117811,-0.0331908319358976
"2418",-0.00155716860202134,0.0154310438922291,-0.0630785434200953,-0.0376689812548867
"2420",-0.00211333601117903,0.0148652256446651,-0.0639110540426498,-0.0448736054814791
"2422",-0.00337845263566717,0.0136920453622337,-0.0649063700709713,-0.0523005809479711
"2424",-0.00522328654714371,0.0121622244513024,-0.0656208803248778,-0.0574461886215904
"2426",-0.00681316360141574,0.0105085117263423,-0.0660853375518777,-0.0589291947552481
"2428",-0.00753701423159963,0.00918258886937602,-0.0663018216381719,-0.058050827500739
"2430",-0.00746413233865279,0.00879832449369642,-0.0659855828057062,-0.0563301209449837
"2432",-0.00793129620252995,0.00836706452866405,-0.0654430633908639,-0.0544688541267607
"2434",-0.00946833783004345,0.00714759106471843,-0.0651350248871224,-0.054028379961161
"2436",-0.0110812330463619,0.0053759689640393,-0.0653448494278701,-0.0565488709145201
"2438",-0.0127774861858321,0.00308457771925174,-0.0664179530556658,-0.0663708565033651
"2440",-0.0142358290694391,0.00135181844145444,-0.0672528574935545,-0.0794762134020628
"2442",-0.0150701370929913,0.00103578753028516,-0.066874116200285,-0.0892558917747532
"2444",-0.0157273682598289,0.00123297479693195,-0.0659465410601109,-0.0965444681538247
"2446",-0.0158808090492849,0.00232651817806494,-0.0638040595611511,-0.0966150882380997
"2448",-0.0156103045034044,0.00342550981558031,-0.0611416958491923,-0.0892959695723471
"2450",-0.0155748146002223,0.00372259376915314,-0.0591970575957537,-0.0814702410877272
"2452",-0.0153553827660723,0.00447416613919325,-0.0571564217778543,-0.0723360356628509
"2454",-0.0144174500589906,0.00539420438286163,-0.0551424849242712,-0.0614813668035806
"2456",-0.0132946800285304,0.00517295780089337,-0.0541672375570792,-0.0528966584763598
"2458",-0.0131407951458091,0.00393812416618091,-0.0537704831801111,-0.0475997518424119
"2460",-0.0142553954487746,0.00171846000089921,-0.054298633883893,-0.0498568436735469
"2462",-0.0157321279765521,-0.00120244746895074,-0.0552422771681887,-0.0537599551820452
"2464",-0.0172808661303061,-0.00417540303206575,-0.0559310105853418,-0.0551941635663287
"2466",-0.0181803032825609,-0.00613950344837453,-0.0563847001781606,-0.0567229274713163
"2468",-0.0176806013367579,-0.00700248312450797,-0.056525698080705,-0.0575856316148329
"2470",-0.0171596508200551,-0.00811492677147475,-0.0567145882800811,-0.0573674725778097
"2472",-0.0174637178727227,-0.00937272266002434,-0.0575809387446073,-0.057488689910136
"2474",-0.0174652814622728,-0.00869660520587797,-0.0582632828077673,-0.0568133438318042
"2476",-0.0163513485633202,-0.00706635432889963,-0.0592415891490212,-0.0602484539564686
"2478",-0.0145595092209611,-0.00736017920803478,-0.0623735551598005,-0.0708942681499972
"2480",-0.011993431568598,-0.00791318657382887,-0.0658630346820474,-0.0813900311523967
"2482",-0.00836009735415398,-0.00711566318025946,-0.0682426288350882,-0.0883872524577031
"2484",-0.00335708070171586,-0.00570112606312765,-0.068544971963144,-0.0837752679252489
"2486",0.00144157280985203,-0.00548524029443588,-0.0676626794750147,-0.0723189585088458
"2488",0.0043132505655283,-0.0076828004369365,-0.0678989246849959,-0.0720364882881773
"2490",0.00994922711033916,-0.00809097494238453,-0.0641710457725103,-0.0587649085116526
"2492",0.0149062187343074,-0.00812564282144818,-0.0577788678479853,-0.0434753160294333
"2494",0.0187548188468509,-0.00786551777387855,-0.0500605583555937,-0.0284034823075071
"2496",0.0214925233443024,-0.00744533776387035,-0.0423129230481468,-0.0150598944757796
"2498",0.0233477611532272,-0.00697524057804948,-0.0352833214042493,-0.00395039148093333
