"","Comp 1","Comp 2","Comp 3","Comp 4","Comp 5"
"1100",0.0157161240393346,-0.0100980752625104,0.00296110698856559,-0.0189043961220106,-0.00874463183121205
"1102",0.0157161240393318,-0.0100980752625217,0.00296110698855285,-0.0189043961220198,-0.00874463183122007
"1104",0.0157161240393419,-0.0100980752625029,0.00296110698857804,-0.0189043961220101,-0.00874463183119976
"1106",0.0157161240393396,-0.0100980752625043,0.00296110698857821,-0.0189043961220076,-0.00874463183119928
"1108",0.0157161240393383,-0.0100980752625043,0.00296110698856785,-0.0189043961220136,-0.00874463183121982
"1110",0.015716124039335,-0.0100980752625167,0.00296110698856382,-0.0189043961220189,-0.00874463183121155
"1112",0.014587716573132,-0.00857578755382575,0.00248948223218126,-0.0171589998740698,-0.00774434822201883
"1114",0.020241111744593,-0.0111594986480042,0.00565176981992442,-0.0230895896456603,-0.0167823679750643
"1116",0.0299364407269169,-0.0157002484117821,0.0114369318619075,-0.0327313784371042,-0.0310188117581694
"1118",0.0413785826570831,-0.0196585458511957,0.0193069626281728,-0.042560394568983,-0.0437027381472222
"1120",0.0551462761487476,-0.0241164291124694,0.0272356268707933,-0.054478137191124,-0.0524986664214078
"1122",0.0716064620942617,-0.0277088126199064,0.0344832863892091,-0.0682417116134498,-0.0566196905332259
"1124",0.0901355109518608,-0.0277029512814854,0.0433450314187964,-0.0806178624073142,-0.053769063157261
"1126",0.107652711982993,-0.0240625929518508,0.0529899463642956,-0.0893428057652143,-0.0455934120524473
"1128",0.121000917287029,-0.0169975616774757,0.0618702692729791,-0.0928536732818549,-0.0347472760061496
"1130",0.127800896654126,-0.00673186722913328,0.0687883466642306,-0.0897818003428654,-0.0202467016953936
"1132",0.1266717465664,0.00658700377430023,0.0730314406213278,-0.0791254278139238,-0.00016424090036897
"1134",0.117435235217398,0.0234702282325371,0.075146175090068,-0.0600003846546159,0.0256739087322852
"1136",0.0998512741242847,0.0426223579511116,0.0745762475775124,-0.0330600489404594,0.054239628837903
"1138",0.0745591145720856,0.0619366282117801,0.0703575922028938,-0.000630218981830706,0.0814013552555122
"1140",0.0431889274456396,0.0782085408528111,0.061243044060317,0.0335687276500386,0.10145075917973
"1142",0.00879019743264178,0.0892724251323204,0.0480440651425876,0.0660112069142515,0.110965183331141
"1144",-0.0248529874634682,0.0946042220470158,0.0323182372685314,0.0935676724251435,0.109518388361682
"1146",-0.0551033109984545,0.0931206743015981,0.0139724231734835,0.112895260973359,0.0974657635231012
"1148",-0.0796641339942088,0.0853249896258601,-0.00481529171713252,0.123035977766505,0.078524950379078
"1150",-0.0971570477211884,0.0720799607659252,-0.0220362047795199,0.124275840725884,0.0567504882565558
"1152",-0.107192683366935,0.0544842026902643,-0.0374184397060719,0.116860213427351,0.034656686809698
"1154",-0.109354820705103,0.0363808881993679,-0.0488613551069709,0.103312277584969,0.0159641399173982
"1156",-0.105023113259529,0.0197176644997771,-0.0558898721101761,0.0864935809322729,0.00253822534523318
"1158",-0.0962250401730996,0.00521357009161995,-0.0590496405245634,0.0684546914688815,-0.0063473262726045
"1160",-0.0846219510936283,-0.00603248415427663,-0.0585329347486062,0.0510281800075417,-0.0115265291922448
"1162",-0.0713834674984154,-0.013142445203051,-0.0545202426250513,0.0360017135394188,-0.0132081159597747
"1164",-0.0576777743382261,-0.0160820788455331,-0.0480430223010324,0.0242326615992208,-0.0121851254728555
"1166",-0.0447454084379682,-0.0160436948445325,-0.040133678811271,0.0158652103969625,-0.00906848969836403
"1168",-0.0335720981697828,-0.0144775566006029,-0.0312097855854574,0.0105874976639631,-0.0046776380166234
"1170",-0.0248581313144543,-0.013188372877587,-0.0232515907365206,0.00693615971209474,-0.00117868440158146
"1172",-0.0188372806146537,-0.0132833400088954,-0.0177943311275602,0.00372643395817218,0.000135560767614227
"1174",-0.0150816915674833,-0.014070418087828,-0.013882134313327,0.00124037969836089,0.000341490809423149
"1176",-0.0132626483431847,-0.0153875245583225,-0.0118837513582181,-0.000894452125636929,-0.000467184563642312
"1178",-0.0130817107868594,-0.0171239654585722,-0.0120353746542106,-0.00276323950690101,-0.00221660651505091
"1180",-0.0144812478798634,-0.0189833820221703,-0.0137965504740267,-0.00424965807221709,-0.00483819437243616
"1182",-0.0169068286239634,-0.0204306011941745,-0.016272115711191,-0.0050076345283198,-0.00791003482570774
"1184",-0.0195056494897126,-0.0208301966168875,-0.0184636889271683,-0.00449323149346961,-0.00930858420894521
"1186",-0.0221453542162615,-0.0208081632933198,-0.0203634225956485,-0.00294619374621847,-0.00908070278291582
"1188",-0.0251909021701388,-0.0217054221181895,-0.0228350858150559,-0.00146709435653621,-0.00935280825664523
"1190",-0.0281019716345868,-0.0230237458480547,-0.0254278745353063,-7.91890450942858e-05,-0.00941319798083499
"1192",-0.0298874033532735,-0.0233712402235788,-0.0266731964324914,0.00161083491251716,-0.009043795091492
"1194",-0.0306875878925054,-0.0234478086271816,-0.0271835414883516,0.00273624344217569,-0.00915513491704842
"1196",-0.0306845024735765,-0.023610670037035,-0.0278822318044972,0.00263353939862516,-0.00885490263247417
"1198",-0.0301927910265438,-0.0238719076396844,-0.0288046786174342,0.00155932018353266,-0.00878824841914243
"1200",-0.0294269559762676,-0.0241255605892466,-0.0297269720435463,-0.000420752673038408,-0.00966576527172004
"1202",-0.0286045897233126,-0.0247325779201393,-0.0317377069954448,-0.00380180932434775,-0.011261324904957
"1204",-0.0272946312530221,-0.0250189146947889,-0.0346087654364325,-0.00797793945543194,-0.0118693142542547
"1206",-0.0251683782755905,-0.0238453836236297,-0.0362619814530254,-0.0114749350574876,-0.0105073616239532
"1208",-0.0226578342985271,-0.0218226500066662,-0.0373362612481106,-0.0145560933603605,-0.00905872742962106
"1210",-0.0196037095497279,-0.0188989469161251,-0.0380326479195314,-0.0171420781221508,-0.00766278666783679
"1212",-0.0155239369118602,-0.0140985399239406,-0.0360913769060448,-0.0178414265900247,-0.00517213019497295
"1214",-0.0112267091941313,-0.00883592321799556,-0.031502185660654,-0.0165718938474475,-0.00250647513355351
"1216",-0.00731143649272657,-0.0041622866815188,-0.0251369150015013,-0.0136944247552474,0.000146374484759174
"1218",-0.00387219763981332,-1.24262321474905e-05,-0.0176762427064556,-0.00945544620458199,0.00162529817941091
"1220",-0.0014930752589482,0.00241115195949368,-0.0105040939252438,-0.00487337202417168,0.00190551360315796
"1222",-0.000146253270198056,0.00291117515231733,-0.00428124823620164,-0.000575862815778399,0.00221571973703166
"1224",0.00143745140276833,0.00405443556314151,0.00274879077841702,0.00411949571405713,0.00372276192659574
"1226",0.00309493405072389,0.00576987816999085,0.00977661301363564,0.00856922582052048,0.0060921884343628
"1228",0.00418406827094977,0.00664205933840134,0.0140960783839168,0.0112140989435008,0.00780958630782757
"1230",0.00503970761399104,0.00737451496731673,0.0163215489151091,0.0122613217049101,0.0087935616537574
"1232",0.00588076823645316,0.00843358322839225,0.017821449253777,0.0126122219915027,0.00954356524377077
"1234",0.0062816764245943,0.0088730854028354,0.0181629666905414,0.0121974241003808,0.00920470842734957
"1236",0.00597567464601405,0.00817126828602869,0.0165268866543414,0.0106218950676883,0.00711532391167239
"1238",0.00534866350329401,0.00677457649966777,0.0140025510734585,0.00852300941588483,0.00521041344884051
"1240",0.00452810165449521,0.00448724826180533,0.0113069463113857,0.0062021415021095,0.00432376041421953
"1242",0.00381357379853941,0.00188786261728286,0.00862424406080459,0.00373616496122138,0.00298068715170699
"1244",0.00351006091849488,0.000164086056215251,0.0074755650068254,0.00194313328387904,0.00237562000925751
"1246",0.00324975735965792,-0.00145384440452883,0.00660737039964492,0.000326121934263905,0.00263625111729355
"1248",0.00334843016423096,-0.00252223959999894,0.00604593728118483,-0.000980801750132721,0.00308199263689885
"1250",0.00392362882292408,-0.0028042610233103,0.00615395405703252,-0.00194961242394013,0.0025905007033332
"1252",0.00426732111711642,-0.00386209282564199,0.00524973467533873,-0.00354570026449556,0.000715911811052538
"1254",0.00449932100312442,-0.00534563518563599,0.00377684512561597,-0.00554506665381567,-0.000900893450072713
"1256",0.00491040582215924,-0.00642115987626945,0.00270591187270245,-0.00749374311149222,-0.00221971220609076
"1258",0.00535494671432862,-0.00766756548538702,0.00182774918707456,-0.00943945894805729,-0.00276901614436004
"1260",0.0056946922220229,-0.00926233213064256,0.000739286770209908,-0.0115376097595809,-0.00287961740258458
"1262",0.0061091820280858,-0.0106124814522336,2.31930915730503e-05,-0.0133350130223474,-0.00251162342006176
"1264",0.00682119254650962,-0.0114166420298856,0.000119499460483725,-0.0145591287275359,-0.0012417165716372
"1266",0.00771302671214037,-0.0119785467953573,0.000220660468869075,-0.0156799485235154,-0.000629984234679299
"1268",0.00871758121247238,-0.0122448408589197,0.000423715806612993,-0.0166440629632589,-0.000533493262544513
"1270",0.00984978508521265,-0.0120427556647242,0.000995273792747363,-0.0173104036000377,6.60150431911812e-05
"1272",0.010864212045513,-0.0119397310641652,0.00110976622502221,-0.0181577077134578,0.000188791140627506
"1274",0.0120217976865753,-0.0113315653263205,0.00170277906340745,-0.0188217694374161,0.000585909715538465
"1276",0.0132114531017439,-0.0101809265422331,0.00308588896654803,-0.019130038165725,0.000943897039907823
"1278",0.0143326167925152,-0.00906384240655366,0.00443226882324684,-0.0193880261850118,0.000647728888942908
"1280",0.0156167006181841,-0.00745029169726159,0.00635975219625165,-0.0189997294704152,0.00168878532963553
"1282",0.0170040667330931,-0.00551538979225405,0.00865206706436513,-0.0180487382815433,0.00366148386991032
"1284",0.0181308418286365,-0.00402493297376923,0.0102838009893346,-0.0174149834729144,0.00476536325661409
"1286",0.0190699873232387,-0.00258659843671457,0.0120685033888175,-0.0167269461914231,0.00606588624783399
"1288",0.0198605438301406,-0.000979370659692747,0.0138071626228207,-0.0160043111539979,0.00813991460455546
"1290",0.0203884291492636,0.000296920268993116,0.0149443178343074,-0.0155840454981822,0.00987220032694658
"1292",0.0205318700831594,0.000827762007256714,0.0155374548081627,-0.0154682984682707,0.0110264935704716
"1294",0.0199627351894099,0.000204909633355029,0.015150610890735,-0.0160101129692021,0.0121139562114707
"1296",0.0192250947762834,-0.000830994862021114,0.0143579099014295,-0.0167713550900345,0.012335048101201
"1298",0.0191726731622682,-0.000725917979647381,0.0146599099790245,-0.0167452961281641,0.0126225202977
"1300",0.0191884355854706,7.05803035328201e-05,0.0156254052598425,-0.0161801613770352,0.0144517858610977
"1302",0.0186987039898106,0.000448909167245381,0.0159338008039926,-0.0159224518714587,0.0162336741239973
"1304",0.0180287959782715,0.000921625841989326,0.0161412268425696,-0.0155599043247001,0.0181504580807943
"1306",0.0175095378560043,0.00237421581046563,0.0173193407187973,-0.0144408794551066,0.0202633983556947
"1308",0.0165559257550464,0.00387294369842407,0.0184115668747785,-0.0132035756410543,0.0216605423551948
"1310",0.0148605401394495,0.00450326259269513,0.018409344401545,-0.0122717572529418,0.0221321706692013
"1312",0.0128039267078465,0.00477582875025592,0.0180170047929048,-0.0111426101233805,0.0233356501696773
"1314",0.0104180192074727,0.00473359715734391,0.0169486861576042,-0.00990030953082546,0.0242703077522995
"1316",0.00827072047485278,0.00561347546660801,0.0163675024835542,-0.00792462217658433,0.0239376234386878
"1318",0.00654083688596428,0.00776073936754146,0.0167415612877829,-0.0048673103724314,0.0243901632940341
"1320",0.00427409826890996,0.00942927794884597,0.0162910635973424,-0.00180618032995912,0.0248890543591984
"1322",0.00121477815493561,0.0101629841028644,0.0149778092144258,0.00123644527859662,0.0242212695794444
"1324",-0.00207236484663246,0.0111469135155377,0.0143094900189303,0.00502573642959729,0.0245484731246158
"1326",-0.005331993035207,0.0126392965520774,0.014238329475032,0.00931413624046782,0.024311317919239
"1328",-0.00898407083653916,0.0132451245206775,0.0129721281508627,0.0130106211949094,0.021331852262047
"1330",-0.012955226026934,0.0126027276212711,0.0100073662634751,0.0156211379414352,0.0163959732907483
"1332",-0.0164179523237314,0.0118353922013814,0.00716684116219474,0.0181196629258427,0.0116944038251176
"1334",-0.0195815335159266,0.0102885107221353,0.00388275434823535,0.0201417082466543,0.00596881080235342
"1336",-0.0220936042299893,0.00854811996636999,0.000581102474747387,0.0217289982158822,0.000344476380400271
"1338",-0.0234549075323435,0.00722406479556804,-0.00232151810593849,0.0229742459406717,-0.00316372467285847
"1340",-0.0243896713933472,0.00488723065964382,-0.00578960312701625,0.0229117419989728,-0.00706225714967157
"1342",-0.0253727245320882,0.00146480276038227,-0.00903531941006715,0.021667477898617,-0.011039126156873
"1344",-0.0259293740365925,-0.00188384942098732,-0.0116504672141799,0.0194899225048928,-0.01265762944158
"1346",-0.0259032181235373,-0.00502488001062771,-0.0143848638374691,0.0161282736220981,-0.0135717616211325
"1348",-0.0260005322225283,-0.00907971767106416,-0.0173147512805518,0.0113685314755304,-0.0144241747291867
"1350",-0.0263431780957741,-0.0139093355291363,-0.0200329405078419,0.0053559875020958,-0.0139267726186361
"1352",-0.0264524054038133,-0.0179818974405867,-0.021306281738301,-0.000591285912353403,-0.0101748433803258
"1354",-0.0269901302563977,-0.02256117551012,-0.0227227655911769,-0.00712583649374028,-0.00340709765711697
"1356",-0.0277834520865915,-0.0270008909383045,-0.0241707243011551,-0.0139630614461465,0.0064712909333841
"1358",-0.029454720860688,-0.0314381724432182,-0.0257259161903995,-0.0207960686782486,0.0187662046051992
"1360",-0.0329612848823842,-0.0371000029054823,-0.0275399244716839,-0.0276916756973494,0.0307363917444695
"1362",-0.0384720800134554,-0.0432311318075183,-0.0290279291248456,-0.0343746646948601,0.0413446629429507
"1364",-0.0461753232849922,-0.0492156489549836,-0.0313583658503771,-0.0408286421592622,0.0497992184689435
"1366",-0.0556311516222846,-0.0534039313488717,-0.0329326255111675,-0.0457529952664419,0.0554647827867671
"1368",-0.0662772704707367,-0.0536075097744809,-0.0308842803230885,-0.0476856126516652,0.0597267783922854
"1370",-0.0773642929215838,-0.0484228523068526,-0.0259066361603188,-0.0463948021929172,0.0634014874025193
"1372",-0.0880168384435153,-0.0373924478502325,-0.0195605652008409,-0.0414066653180312,0.0657323202526589
"1374",-0.0966276042957493,-0.020271089110211,-0.0120696465977946,-0.0315240743796324,0.065442174089084
"1376",-0.101732737247583,0.00299863856585879,-0.00278995051470624,-0.0154643453956631,0.0626068531653504
"1378",-0.103195987761522,0.030052487197963,0.00668847115826451,0.00624495163142158,0.0566801401062801
"1380",-0.100104532826466,0.0590399326162569,0.0154174441699668,0.0322544679191024,0.045202699015315
"1382",-0.0917035223001387,0.0875788086760792,0.0214377604875415,0.059485264940014,0.0260945176009416
"1384",-0.0766552710207792,0.115400448917663,0.0267057816867676,0.0868486859005241,0.00133438077320097
"1386",-0.0550150097014858,0.140796720679587,0.0331564723743517,0.112800006395081,-0.0261157884115622
"1388",-0.0286276512832064,0.159305387981054,0.0384756879806201,0.133478961714277,-0.0549983917131688
"1390",0.00121738324261889,0.168377838077321,0.0413498714527307,0.146462580680517,-0.0848085885002318
"1392",0.032166010748349,0.166167365124934,0.0416747913981356,0.150847394126157,-0.112561396142985
"1394",0.0619425770859686,0.153705105671342,0.0415846227166414,0.147518615501369,-0.133453611541198
"1396",0.0880105607167612,0.132705717682763,0.0406652332947206,0.136489922557911,-0.145731263242081
"1398",0.10741327763319,0.104418277308079,0.0365193093877627,0.11814893776627,-0.14899032853103
"1400",0.118520675199192,0.0722773140561973,0.0297899410519268,0.0947029379321489,-0.142534720694161
"1402",0.121298940136867,0.040532649699773,0.0222717063664497,0.0686303593074544,-0.127504784740193
"1404",0.117346190539827,0.0127778172556934,0.0150162971194795,0.0422364856016283,-0.107284633287574
"1406",0.107539937885714,-0.0112036122636063,0.00706243240077868,0.0172773248654389,-0.0863776008718574
"1408",0.0936329810813192,-0.0308920169485651,-0.0019067466112949,-0.00462071502178678,-0.0678553147058691
"1410",0.0782915059091846,-0.0444713246084624,-0.0100496171351982,-0.0221931648757052,-0.052278089113513
"1412",0.0624573864981024,-0.0540406433316548,-0.0165609740072036,-0.0351571185311768,-0.0388501089091122
"1414",0.0478779262827063,-0.0597440756587992,-0.0209036579345996,-0.0438610548416619,-0.0274587373192228
"1416",0.0358699303606097,-0.061735159412643,-0.02484719249818,-0.0498018099213067,-0.0172297582048877
"1418",0.0263294244279559,-0.0614913486543763,-0.0284363184793778,-0.0528181731844807,-0.00703064818798274
"1420",0.0175430257342638,-0.0605683232791228,-0.030560634986678,-0.0530732423188494,0.00256201333997871
"1422",0.00922576826404233,-0.0598845884624262,-0.0321344442346597,-0.0524232876863462,0.00931347940887549
"1424",0.0039839709208015,-0.0576264107322803,-0.0331881237260707,-0.051756629257034,0.0138874055722417
"1426",0.00115629877671168,-0.05442955074327,-0.0329656034382578,-0.0507366483417711,0.0186946397375397
"1428",-0.000820012589817381,-0.0503261557953489,-0.0318404903655829,-0.0493755524250701,0.0221078523139898
"1430",-0.00193155067131429,-0.0447012562315938,-0.028485462479315,-0.0466974476391532,0.0255873393554527
"1432",-0.00221947455040337,-0.0384564755344268,-0.0216640689066459,-0.0420578323799473,0.0317920150308593
"1434",-0.00224620686032188,-0.032885394388055,-0.0153800542948644,-0.0374750783522389,0.0381779909389884
"1436",-0.00211937062387043,-0.0276321043409834,-0.0102252632813248,-0.0327906613968929,0.0422432784299406
"1438",-0.00273670661515368,-0.0242545577802406,-0.0061822888502147,-0.0280558906807023,0.0404890332199016
"1440",-0.00417716384164752,-0.0226800396011867,-0.00296177830277247,-0.023616576430228,0.0345191243510341
"1442",-0.00469023294519925,-0.0211947125753493,-0.000595072472914217,-0.0199089529192514,0.0270058474968983
"1444",-0.00350585991040441,-0.0189397823202286,0.00105038433442282,-0.0170638678670909,0.0191670805630551
"1446",-0.00140443127437346,-0.0155669360484158,0.00451886752688935,-0.0141197848572502,0.0135843582508158
"1448",0.00154983238037414,-0.010402859738406,0.0104704674525715,-0.0106409317400814,0.0109889733241366
"1450",0.00457988650268882,-0.00551408637231949,0.0172115239134178,-0.00747110168405077,0.0123804575715828
"1452",0.0072843468698031,-0.00168650779047793,0.0236794693245456,-0.00569412725405822,0.014310552149913
"1454",0.00996398626371462,0.00167891060990202,0.0287537578970663,-0.00516275483903344,0.0140646199543469
"1456",0.0122937330649385,0.00424541719461719,0.0322893432951128,-0.00548455275361563,0.0123182463703534
"1458",0.014184721151361,0.00468524307431309,0.0331952140167683,-0.00718381230321526,0.0108704817305935
"1460",0.0168976270282004,0.00507385743011291,0.0329650511141603,-0.00886955711061279,0.0125444961783591
"1462",0.0192346774053043,0.00550517825424661,0.0315645264038659,-0.0102388932014057,0.0174697177981256
"1464",0.0208472735717413,0.00616146968831833,0.0307159546019924,-0.00995639059264283,0.0237734338598627
"1466",0.0225252086283612,0.00714613575466653,0.0314326376853473,-0.00783041578563403,0.0294913695030954
"1468",0.022721787448028,0.00606165363449941,0.0288067214942946,-0.00701756755659292,0.031370030143728
"1470",0.0207486745094883,0.00256587469807541,0.0216614948957085,-0.00839253750047562,0.0266176498040788
"1472",0.0181832980457758,-0.000988847671444791,0.0141450831995855,-0.00956073182992658,0.0173285023206448
"1474",0.0158601737378621,-0.00398487612119657,0.00737513447026562,-0.00976545058235952,0.010334312187507
"1476",0.0143516599521295,-0.0062415550946017,0.00125298352186917,-0.00965101765225168,0.00820633101125619
"1478",0.0145571157279896,-0.00669773006816148,-0.00263507200519809,-0.00868957921448646,0.010563072017545
"1480",0.0159463994373263,-0.00525840715832012,-0.00396265458540361,-0.00695270071277157,0.0160395006128597
"1482",0.0165021072563592,-0.00475256057910489,-0.0045682374963719,-0.0057074966807962,0.0218767777249933
"1484",0.0165260586569652,-0.0051020957824161,-0.00441283199989499,-0.0045702008637515,0.024271781808212
"1486",0.0164721911063076,-0.00512166842809322,-0.00447552427190752,-0.0037627701611789,0.0221593147282897
"1488",0.0155367449859624,-0.00521586165395068,-0.00645408402774481,-0.00387546446749202,0.0174185612688142
"1490",0.0134186922585118,-0.00605469820061694,-0.00953305248046711,-0.00422771458313658,0.00959168541336346
"1492",0.0113383775309858,-0.00641099006251644,-0.0108782141838919,-0.00312523848819678,0.00120741041437957
"1494",0.00964971801882372,-0.00574997299983102,-0.0108669008207905,-0.000936902722249012,-0.00459625905621998
"1496",0.00880327865578406,-0.00361603777269655,-0.00918887351833762,0.00228160632567301,-0.0083160921858639
"1498",0.00840134488562177,-0.000753458485159796,-0.00675204458112764,0.00575611297979278,-0.0114438053759777
"1500",0.00819421123698494,0.00246451956211024,-0.00410349854130404,0.00883192501908782,-0.0136823333295535
"1502",0.00801261836517756,0.00542500461445604,-0.00130853301854437,0.0113744994826865,-0.0146821911618665
"1504",0.00836251120180805,0.00959006528989626,0.00277296842133079,0.01430648451144,-0.0135512062901863
"1506",0.00881512079558198,0.0137974565668373,0.00654911377113299,0.0167224019940554,-0.0121867736115047
"1508",0.00827439020050259,0.0148401083942762,0.00742018807705378,0.0172867929972278,-0.013120713505682
"1510",0.00780065723229242,0.0148202113604647,0.00786720316517209,0.0174560805439602,-0.0147976226662982
"1512",0.00760600153683862,0.0153019059019466,0.0086256701074941,0.0177244202908077,-0.0167866361148544
"1514",0.00643214912599376,0.0144857922209847,0.00762635548342783,0.01720032053351,-0.0204956747045735
"1516",0.00495198177785003,0.0128670721323783,0.00603493177293567,0.0166728855695148,-0.0226304601757851
"1518",0.00390133829809601,0.0116253322870881,0.00458847050895318,0.015996604694004,-0.0220102842507141
"1520",0.00357327791656901,0.0118765543894595,0.00399881244451192,0.0154959868091554,-0.0188141325936569
"1522",0.00353069911980486,0.0129076932122313,0.00480059478679068,0.0154359784141461,-0.0145006185370584
"1524",0.00295430042170082,0.0128272605911762,0.00596198736312182,0.0150654942220599,-0.0105811030588739
"1526",0.00140446433719535,0.0107255643168741,0.00458238582034172,0.0129651117202709,-0.00870584717914362
"1528",0.000791325994735506,0.0099720422268011,0.00294215977859782,0.0111449485776317,-0.00649748606283532
"1530",0.00210259059845058,0.0124412062829941,0.00343363039251748,0.0108312879772684,-0.00313766574551044
"1532",0.00240084665382424,0.0131475033331907,0.00182930899161719,0.00930989838811857,-0.00323854610351723
"1534",0.00121186874255517,0.0109595532054641,-0.00215702848095933,0.00672983062561529,-0.00504150292886313
"1536",0.000911377190697262,0.00974892192931946,-0.00396862019153826,0.00573008961460604,-0.0033692907615603
"1538",0.00122930856048813,0.00926035051207627,-0.00432376104549384,0.00521983315113507,-0.000334849055862934
"1540",0.00137154929428028,0.00864677521717476,-0.00423735878683945,0.00445535779548957,0.00169284941277931
"1542",0.000436076739924537,0.00662458974185192,-0.0040708872125877,0.00357480598286105,0.00270855137567433
"1544",-0.00156225817429749,0.00324508014223685,-0.0041842888334542,0.00277710745098913,0.00321184709467761
"1546",-0.00370387044020507,-6.1132662460063e-05,-0.00599692900842919,0.00139372085438363,0.00223794517747065
"1548",-0.00508922083401695,-0.00198044087816048,-0.00850094432145206,-0.00010032709001611,0.00264651494760081
"1550",-0.00688751779471205,-0.0048355584421569,-0.0121495581666162,-0.00218978011504313,0.00276657796312219
"1552",-0.00970299507585441,-0.00966757825225983,-0.0169929887942885,-0.00489141444465671,0.000495624714389803
"1554",-0.0121071019982988,-0.0131608278912785,-0.0194932557905097,-0.00615667818837923,-0.00074492612812699
"1556",-0.013124732700591,-0.0134490253855635,-0.0185385908399275,-0.00566565860385591,-0.00183306987535358
"1558",-0.0134278429985781,-0.0122151789334079,-0.0166589458013052,-0.00495417616220017,-0.00524314824969892
"1560",-0.0140022252004212,-0.0113597429005669,-0.0155708582300275,-0.00459605210700495,-0.0115602349215978
"1562",-0.0152805978162596,-0.0112565361314589,-0.0154142676654824,-0.00425089870252828,-0.0172381169204195
"1564",-0.0164444672241256,-0.0114140861063618,-0.0160313079666355,-0.00425881605304111,-0.0202250289536347
"1566",-0.016979165828272,-0.0117772410861139,-0.0177058327351049,-0.00523491275656872,-0.0219950872888882
"1568",-0.01731350830318,-0.0124593317791434,-0.0192591568077387,-0.00625899087399148,-0.0204528792484151
"1570",-0.0171816084527667,-0.0131509501385587,-0.0189406387579714,-0.00609094508881515,-0.016430526103044
"1572",-0.0164289316509424,-0.0130024579569512,-0.0168667457287179,-0.00519664574609511,-0.0124859264877931
"1574",-0.016005141133561,-0.0130460260225834,-0.01514832303069,-0.00475892934440381,-0.00836238776849465
"1576",-0.0157208615109661,-0.0131870778723476,-0.0140751707749902,-0.00473438797064748,-0.00584372214587948
"1578",-0.0145734161989506,-0.0120265767051485,-0.0126036105985682,-0.00422474849536905,-0.00414151026838552
"1580",-0.0131517149922457,-0.010530555123942,-0.0124008771705336,-0.00405938430567122,-0.00186774319390999
"1582",-0.0121239102641461,-0.00964411868900374,-0.0140710065708351,-0.00472901437334225,0.000507804518799626
"1584",-0.0113243313822136,-0.00932792673315206,-0.0167104784079645,-0.00601830946329642,0.00184870768915862
"1586",-0.0102662076945239,-0.00852704716264625,-0.0176113993261283,-0.00666054977997151,0.00176934430037505
"1588",-0.00915471593452094,-0.00749597621207807,-0.0158639398997971,-0.00589166983064503,0.00203820380666265
"1590",-0.00853090919619076,-0.00735325980794106,-0.0136434719774171,-0.00495889410015293,0.00313481790683244
"1592",-0.00911213996788625,-0.00861728455286769,-0.0134361542050999,-0.00544240709222857,0.00121888430529515
"1594",-0.0105743474438983,-0.0108842281750677,-0.0145157872620243,-0.00638352555549815,-0.00219400108565628
"1596",-0.0115610206319027,-0.0120803063119278,-0.0140943531349278,-0.00622936737486314,-0.00338383287156717
"1598",-0.0117461719631289,-0.0119469639415814,-0.0131765707620569,-0.00579445899879387,-0.00287774401270754
"1600",-0.0118481419563469,-0.0118651246504103,-0.0127808927788447,-0.00563593460693072,-0.00232754875774437
"1602",-0.0117925454263952,-0.0119689467565256,-0.0120082653827897,-0.00540416634355686,-0.00347362382340512
"1604",-0.0116156143790137,-0.0119636634773428,-0.011002346833478,-0.0051406308550581,-0.00515276508250815
"1606",-0.0113348417469301,-0.011233540599802,-0.00898555943031791,-0.00393800696585552,-0.00444273382661001
"1608",-0.0108730570636362,-0.0100508566369977,-0.00626466920785486,-0.00212286521636715,-0.00264676028804684
"1610",-0.0107816074956599,-0.0094171648385273,-0.00482555722216793,-0.00151092701717981,-0.0022868933187652
"1612",-0.0112248233145752,-0.00951840383316326,-0.00524551919137195,-0.00210076009525845,-0.00431357389218625
"1614",-0.011830498100571,-0.0101352271920716,-0.00605639217092047,-0.00270338297733228,-0.00650429229931413
"1616",-0.0116607483884816,-0.00959982814909814,-0.00542681203169009,-0.00252458004868837,-0.00804823415521457
"1618",-0.0111807545332798,-0.00882658548107924,-0.00525801903890705,-0.00281678504294822,-0.0112972582048504
"1620",-0.0107009351774959,-0.00868235284617355,-0.0046300090191548,-0.00280784180636511,-0.0128428063641086
"1622",-0.0100408903020514,-0.00866708317578826,-0.00358176077469684,-0.00250922708576309,-0.0132038308515999
"1624",-0.00975601388684922,-0.00911675185305234,-0.00462809002522301,-0.00318814331350075,-0.0140245238522287
"1626",-0.00960369712030009,-0.00910245820039536,-0.00526560281047188,-0.00314928132343444,-0.0132963919953143
"1628",-0.00897075415798828,-0.00792987565365773,-0.00352052362132244,-0.00203573049808441,-0.0111261013937876
"1630",-0.00890407774958216,-0.00754485940686361,-0.00230581457039179,-0.00164513875440912,-0.00923330015154758
"1632",-0.00930660085699567,-0.00821220992029905,-0.00264918872800781,-0.00203980756550936,-0.00932115423865734
"1634",-0.00901995044812388,-0.00790732430028076,-0.00151817922613573,-0.00150630747526999,-0.00925116436923704
"1636",-0.00839353827900796,-0.00674410959928458,0.000480225992872915,-0.000396942391037776,-0.0107713688966713
"1638",-0.00814645724083431,-0.00600975658443799,0.00130509116877502,0.000225477449810314,-0.0126693889684945
"1640",-0.00778518933788428,-0.00484430333464186,0.00359530886186524,0.00185856447737241,-0.0111622647380919
"1642",-0.00799949318454557,-0.00453120772367724,0.0055167855641983,0.00308057320824724,-0.0104264028271193
"1644",-0.00836505230504962,-0.00465262473776646,0.00624993728369616,0.00331029152053958,-0.0107274114618371
"1646",-0.00862928342686634,-0.00484827242940042,0.00712779021694113,0.00360045279696558,-0.0110979717341516
"1648",-0.00873826611438625,-0.00495664641454504,0.008171532907908,0.00399892501115448,-0.0107447639576553
"1650",-0.00832295429484256,-0.00457919029936369,0.00797047382889793,0.00374633416884588,-0.00991802449025408
"1652",-0.0065894593573413,-0.00298952614255853,0.00702373374469192,0.00306280064113087,-0.00906608256404986
"1654",-0.00364435407281686,0.000172013582780262,0.00717148240227577,0.00295065186442967,-0.00608161381943361
"1656",-0.000462371269899734,0.00375332758914923,0.00729238546042929,0.00291789065004968,-0.0021400584718145
"1658",0.00318282581800285,0.00824970715193857,0.00833876058403385,0.00365646954619323,0.00487350346459216
"1660",0.00704707779869098,0.0136725715900117,0.0118408027217123,0.0059823583538439,0.0140886867350362
"1662",0.0100940715150145,0.0179674774325492,0.0153964895669324,0.0081644528766573,0.0209319236400182
"1664",0.0129373975282509,0.0219757655674494,0.0192605178828884,0.0104521810691056,0.0243248052582368
"1666",0.0159611005362377,0.0260020652367605,0.0244465161267035,0.0136894783873276,0.0263808972128001
"1668",0.0196608667656651,0.0308856964783105,0.0313558980005089,0.0179213628288226,0.0303751391852806
"1670",0.0245219694366372,0.0371001616925614,0.0386886555735718,0.0224205085398628,0.0365543444636866
"1672",0.0295021575615359,0.0427392212599422,0.0445071813514145,0.0261003229320239,0.0432292551010646
"1674",0.0332140508402159,0.0462596033118791,0.0482467658939144,0.0285011554507012,0.0482254498975296
"1676",0.0343124434784026,0.0460068452824849,0.0477816775264746,0.0282600526242635,0.0494394821101031
"1678",0.0315316195169441,0.0401901399153355,0.0422284158491453,0.0250103777333911,0.0451629924682646
"1680",0.0240909864821886,0.0280995214264811,0.0319830999491028,0.0190447014602415,0.0327382293367399
"1682",0.0128681682567295,0.0118498360533857,0.0191301724251531,0.0116596410039912,0.0141786729707353
"1684",0.000207580045694314,-0.00505034907322893,0.00675919984599174,0.00498031773682496,-0.00490793269451055
"1686",-0.0120378138770684,-0.02083489534988,-0.00398778648135584,-0.000594151709622104,-0.0199371080713822
"1688",-0.0214492299003922,-0.032395120028709,-0.0112245480869823,-0.00406551479049951,-0.0281450145290172
"1690",-0.026880074624704,-0.0385673202029873,-0.0146888017438786,-0.00547011656908466,-0.029266446096451
"1692",-0.0286688325756648,-0.0397512470389906,-0.0149077818693812,-0.00542966250287938,-0.0254544550974634
"1694",-0.0273757196616754,-0.0367723970425616,-0.0125870099872202,-0.0045025151928015,-0.0195456486764679
"1696",-0.0250881270132912,-0.0327678254853974,-0.0108205468882078,-0.00465580694003471,-0.0137671443652723
"1698",-0.0233259811138906,-0.0294041451987657,-0.0104443179667545,-0.00604172642916398,-0.010020900500597
"1700",-0.0228761277485613,-0.0269859351021713,-0.0112294921430224,-0.008123850303404,-0.00943092448525781
"1702",-0.0234885928737269,-0.0250286502829101,-0.0125348349620399,-0.0102000170677813,-0.00972769882516692
"1704",-0.0239737873042027,-0.0232088871874799,-0.0142224253622117,-0.0122577694462919,-0.0101905869353895
"1706",-0.0235746241862183,-0.0221152428869531,-0.0168149884509334,-0.0147261795583983,-0.0102883617821577
"1708",-0.0200732793473347,-0.0188358360275026,-0.0173095728181969,-0.0155513748686328,-0.0051691535001376
"1710",-0.0131204151274589,-0.0127919078114347,-0.0158217803234138,-0.0149741860740213,0.00539413340028174
"1712",-0.0036405802698464,-0.00500700653676575,-0.0127810361727805,-0.0131181472988947,0.020152576034513
"1714",0.00673837332412876,0.00335778611251686,-0.00848282267603321,-0.0100642240532895,0.037382009988213
"1716",0.0153114358965919,0.0104341595606146,-0.00596046526688768,-0.00847317661777568,0.053316079993934
"1718",0.0213986351713069,0.0174940306429889,-0.00663389716290098,-0.00997412138619472,0.0644779751926809
"1720",0.0245259256822973,0.0254699918975524,-0.0118925171530615,-0.0160723614818106,0.0701360426101503
"1722",0.0248173066201244,0.0342146722661704,-0.0224656059813035,-0.0276395473991796,0.0680142306857953
"1724",0.0234280329780061,0.0435770930561506,-0.0353920850966816,-0.0420227205851477,0.0569782569555949
"1726",0.0201510449177581,0.0505757676524554,-0.0474764033661373,-0.0554200187080839,0.039529370734561
"1728",0.0148686570206287,0.0519558455012368,-0.0556508329993773,-0.0637969437368279,0.0196344499509191
"1730",0.00803360433190297,0.0459809132442267,-0.0562270939843234,-0.0631051401843051,0.000332027622755338
"1732",-0.000211637264456974,0.0323092196033967,-0.0467011718962648,-0.0515098821356515,-0.015482823745207
"1734",-0.00975010268139848,0.0125841312787544,-0.0292717917121362,-0.0313671099193226,-0.0263517623181668
"1736",-0.019241411449309,-0.00942891957964028,-0.00946660991763305,-0.00846355740582195,-0.032155086326727
"1738",-0.0267006599657671,-0.0288218508732718,0.00802059230617604,0.0118562735276689,-0.033949587194386
"1740",-0.0311731154875785,-0.0418845941212101,0.0202722393836132,0.0260353817057624,-0.0305132649211693
"1742",-0.0325043946519197,-0.0473673746746346,0.0260036141629389,0.032433842180669,-0.0246104199739256
"1744",-0.0314406098829077,-0.0469213239074021,0.0256860091416698,0.0321497483091498,-0.0192290929212036
"1746",-0.0291221158885943,-0.0433670521039357,0.020612631890142,0.0270955372108006,-0.0150671135587746
"1748",-0.0268526349321012,-0.0397296641149829,0.0115060520079975,0.0189843676673894,-0.0129918649069839
"1750",-0.0238110774702918,-0.034842016604642,0.00280137437712726,0.0111648126120447,-0.0120195863870858
"1752",-0.01930478529005,-0.0271155696708067,-0.00292038156833143,0.00497975412645335,-0.00996790521089338
"1754",-0.0141028488866228,-0.0180915315698998,-0.00896138881731495,-0.0017308889122757,-0.00861337803643272
"1756",-0.00862839462826869,-0.00896065828949551,-0.0169954071978176,-0.00980606679099388,-0.00975254764775275
"1758",-0.00310820659427842,-5.22220149529411e-06,-0.025124891718358,-0.0177622590935108,-0.0116533068885335
"1760",0.00263233871768726,0.00908923440860569,-0.0296528742466329,-0.0227569381978436,-0.010723098883899
"1762",0.00791416707912843,0.0166138531452445,-0.029504592438746,-0.0235908023939055,-0.00779822000370041
"1764",0.0118057472975175,0.0199981669565671,-0.0258381342534876,-0.0206440750911771,-0.00589019139565766
"1766",0.0138252791975073,0.0185167953369066,-0.0194037473817358,-0.0144381451719731,-0.0060719572097806
"1768",0.0136706883659625,0.012888876882395,-0.0105645360568929,-0.00571846679532613,-0.00700792015831947
"1770",0.0124438032503763,0.00628908975089809,0.000423741744024603,0.00448358409375469,-0.00550420870579797
"1772",0.0109307038584057,0.000321934962179608,0.0104489835306537,0.0134708376949818,-0.00289666896830121
"1774",0.00883791180822522,-0.00573781698737944,0.0149315338098508,0.0180717661004766,-0.00450927613603035
"1776",0.00648607121807225,-0.0109016568447512,0.0146425799062531,0.0188204354345115,-0.00881276881512572
"1778",0.00503990474003166,-0.0130774706149877,0.0129848068569647,0.017965817368143,-0.010117036054122
"1780",0.00510631781297419,-0.0119886799324339,0.0115553203004215,0.0167399811422703,-0.00848397643267365
"1782",0.00602396050714796,-0.0092118995840151,0.0101468247318583,0.0152908946018291,-0.00585304252866017
"1784",0.00648844568170134,-0.00777738048194151,0.00702689343656028,0.0125103157989488,-0.00482095493534191
"1786",0.00579863492732853,-0.00852099990838234,0.00260428335512032,0.0086207544473848,-0.00582444292343213
"1788",0.00476561810237448,-0.00887939575889715,-0.000307931131373135,0.00555890436439814,-0.00670132917508119
"1790",0.00385536639239919,-0.00792316175082204,-0.00164476385263446,0.00319790776289804,-0.00625633662075742
"1792",0.00368817151913602,-0.00562196740069059,-0.00169200260385978,0.00125953996193428,-0.00546550799518702
"1794",0.0041260481063434,-0.00248469821544745,-0.000693556016605056,1.09285964496209e-05,-0.00505226256016409
"1796",0.0049334982949702,0.00160064083519841,0.00196049010639491,0.000305946189547913,-0.00369191698684072
"1798",0.00647139137601216,0.00680409695354156,0.00616213998804808,0.00227914330379968,-0.00067724794184577
"1800",0.00768167536515408,0.0107661878938663,0.00957184909123229,0.00421118393855023,0.0026504232211162
"1802",0.00721046589021988,0.0113643145993325,0.0101883045430709,0.00459203780317333,0.00494379999022427
"1804",0.00467451172008467,0.00828757953465781,0.00724683749334812,0.00306122012187626,0.00437157822221289
"1806",0.001265453691103,0.00404919178240899,0.00302499222510766,0.000878723029745133,0.00313268996451816
"1808",-0.00198972048434025,0.000129863460117637,-0.00128847037004291,-0.00138875407904627,0.0014878285946976
"1810",-0.00470110455987289,-0.00325000689242229,-0.00513017655745557,-0.00368300942845387,0.000342163712862171
"1812",-0.00648797501260924,-0.00474141721944434,-0.00703091876772982,-0.00500600606918988,0.00167595425960841
"1814",-0.00827930093429241,-0.00565728856168224,-0.00914035584857813,-0.00635583858604814,0.00231290656230261
"1816",-0.0101392195550323,-0.00696278622423887,-0.0122500929772831,-0.00818796642764436,0.00125079202948924
"1818",-0.0116770608501844,-0.00852043175543259,-0.0142736517981227,-0.00930403504962575,0.000936543907078667
"1820",-0.014011094612884,-0.0111340502934911,-0.0151976076621485,-0.00987382017791368,0.00134950960986601
"1822",-0.0168133884734976,-0.0137120605811785,-0.0155100952205146,-0.0102151037586963,0.00215232560860636
"1824",-0.0185390543919051,-0.0139385598770294,-0.013924537535057,-0.00913231908624419,0.00547614098319495
"1826",-0.0187943497848408,-0.011901328239298,-0.0105853888694039,-0.00667561593160986,0.0131912209286601
"1828",-0.0188268352398671,-0.00947033442955154,-0.00782256475530261,-0.00401619152940349,0.0198044514576116
"1830",-0.0193994751780879,-0.00626186929395136,-0.0052441335806569,-0.00108814881147533,0.0212614001514194
"1832",-0.0205335538304031,-0.00158743963420183,-0.00219887501180898,0.00201464253946043,0.0200652918400396
"1834",-0.0227197255071783,0.00238535323302444,-0.000874860294983236,0.00346921685818352,0.0164571402142662
"1836",-0.0262140735982362,0.00293662358077126,-0.00369858470088913,0.00101127780960737,0.0117222440059729
"1838",-0.0310476929588627,-0.00168771693862453,-0.0123611016699,-0.00619401530153777,0.00775077457517457
"1840",-0.0357179951163484,-0.00891365234326347,-0.0259025768976533,-0.0168752083808037,0.00574523340314301
"1842",-0.039159211068213,-0.0153646302250303,-0.0412547522345662,-0.0279614385304734,0.00807180107639183
"1844",-0.0425426540133362,-0.0199776585894352,-0.053392516415227,-0.0345679344174978,0.0146782985478973
"1846",-0.047048074686899,-0.0207912919448725,-0.0583895374737768,-0.0330790573844766,0.0218800078834485
"1848",-0.0531707092783848,-0.0168163210718815,-0.055244586489439,-0.0224643742005643,0.0236732914740836
"1850",-0.0594430634648594,-0.00658853628145703,-0.0432309853140534,-0.00334625173014331,0.0188705591611641
"1852",-0.0647630818715187,0.00930114467399347,-0.024927094616459,0.0214239399756191,0.0107986821619337
"1854",-0.0705658636712127,0.0236996189983552,-0.00822410622563612,0.0462016318445761,0.000295550885522324
"1856",-0.077673834091675,0.0299404418434838,-0.00278615742027434,0.0643701916878172,-0.0135064495276848
"1858",-0.0836150246525723,0.0298470075418302,-0.0119977399867533,0.0741239258259808,-0.0310006976679618
"1860",-0.0837721441088276,0.0311141874276128,-0.0290577011052924,0.0807065586258537,-0.0472245549068755
"1862",-0.0765324153461852,0.0359302639102601,-0.0486401203239276,0.0883295833455329,-0.0588770419814526
"1864",-0.0621992301987003,0.0414450158973731,-0.0693042942902735,0.0976039906295314,-0.0675244703703712
"1866",-0.0397964666652057,0.0462535284247112,-0.0892140892495483,0.108276250967072,-0.0724344156669034
"1868",-0.00866681833007301,0.0479302830889629,-0.107210690330161,0.118847941484444,-0.0719490931332729
"1870",0.0304284202180269,0.0447866548633443,-0.120907310246823,0.128417523027664,-0.0643173556643541
"1872",0.0726207063025637,0.0326044574287324,-0.132721451746399,0.13432425564501,-0.0509096491945867
"1874",0.112897872764883,0.00743835964221192,-0.146535868103581,0.133401583966089,-0.0346363712677649
"1876",0.150826274544807,-0.0238421851377919,-0.156979859667955,0.126826018233517,-0.0157640472231043
"1878",0.186030765095707,-0.0521766360468731,-0.156454192432575,0.116849070670873,0.00444505289821405
"1880",0.215519469505391,-0.0744339352719209,-0.141061577297872,0.104048678361967,0.0246858845449005
"1882",0.234844675626654,-0.0898605244847674,-0.108918335245392,0.0876768191866735,0.0403197565471926
"1884",0.239381312958169,-0.0995944547319739,-0.0614036566144395,0.066277708191503,0.0478122538263615
"1886",0.226461485961633,-0.104521718947578,-0.00329236112901025,0.0388196799935382,0.0443123466797173
"1888",0.195804061131979,-0.105493891747258,0.0571999305143611,0.00567947472197844,0.0247505716151496
"1890",0.151166628772636,-0.101359405902425,0.114830544982482,-0.0282157277685664,-0.00633611745767186
"1892",0.0979209353435834,-0.0912405494055032,0.164209303571382,-0.0586162087038911,-0.0429248975356721
"1894",0.0438314097086853,-0.0733177713839073,0.199776053780091,-0.0833859690359725,-0.0776379679797193
"1896",-0.00236266832533416,-0.0448062990834398,0.222454282222924,-0.098468465675451,-0.0980650916087385
"1898",-0.0372055098882088,-0.0113060462771463,0.231058455189386,-0.103601852217383,-0.0991406487964399
"1900",-0.0598197434246131,0.0206876049265945,0.224750576611515,-0.10236917447203,-0.0848886740373404
"1902",-0.070090629624046,0.0503313618432274,0.209495660024945,-0.0959208815105251,-0.0571831717148909
"1904",-0.0714420062438225,0.072501400803306,0.184461143755213,-0.0882575819781096,-0.0219832088623271
"1906",-0.0672943817505676,0.0831819904553078,0.146852868893887,-0.0847472304757124,0.0097712966037029
"1908",-0.0594991167004277,0.0830340070904345,0.103297052272955,-0.0836792701408114,0.038311363036779
"1910",-0.0469041395787238,0.0808475645658806,0.0676004735870288,-0.0781542461489191,0.070077521625209
"1912",-0.0315275798572779,0.0825801021937274,0.0437898016757588,-0.0681705267097143,0.097054055851716
"1914",-0.0185146776553778,0.0850368692801521,0.0246212232619201,-0.0599073535117474,0.109812076362754
"1916",-0.00903736945149619,0.0871927735934176,0.0121778600811593,-0.0525135410028557,0.113990741045182
"1918",-0.00306581129411697,0.088200542884867,0.00849978687578401,-0.044179195408693,0.114084834517758
"1920",-0.00195636844254254,0.0841123832653674,0.00545801271312003,-0.0391281615696257,0.106656124007786
"1922",-0.00451648417873637,0.0760611832247735,0.00170780757514494,-0.0371137724620862,0.0974388406817998
"1924",-0.0092746495379199,0.0659932864149293,-0.00259240991339634,-0.0361384142612159,0.0858561337381014
"1926",-0.0146492676464288,0.0561091646850512,-0.00613738684673779,-0.0348114907928136,0.0748939394998538
"1928",-0.0186036488659262,0.0470216886392811,-0.0060544763228448,-0.0317310439010171,0.069611795166508
"1930",-0.0203753206617615,0.0411576468839373,-0.00169370876469491,-0.026741348782877,0.0645003071602523
"1932",-0.0212570838805291,0.0384098065388134,0.00388744710223564,-0.0217930221028976,0.0533521617724019
"1934",-0.0224964755726392,0.0349862987261557,0.00762373689971318,-0.0192087344037296,0.0376276262123449
"1936",-0.0229792309546267,0.0317586067176463,0.0145664720841961,-0.0159387935173216,0.0240797609054306
"1938",-0.0243046528970068,0.0257930703741748,0.0196760771645864,-0.012860086157814,0.00986395583846417
"1940",-0.0279949655750437,0.0146061201458382,0.0163363515180906,-0.0135762785934824,-0.00924766433440229
"1942",-0.0319389005932166,0.00251141436479779,0.00994224735296658,-0.0166278124725347,-0.0280107324645893
"1944",-0.0330445851760191,-0.00278287890278799,0.00778300607623642,-0.0179058945754014,-0.0451994004882174
"1946",-0.0320667338394549,-0.00170385112959022,0.0117489155024511,-0.0161237421289922,-0.0543077277446173
"1948",-0.029164226550566,0.00183552005958034,0.0212884423602463,-0.0117122267410816,-0.051717616567144
"1950",-0.026385564798598,0.00333746060396545,0.0276434821703009,-0.00849643984416423,-0.0457660012924715
"1952",-0.0242114664373299,0.00286868289001471,0.0284319242568747,-0.00701552875223055,-0.0416454170869753
"1954",-0.0219134729951526,0.000980087911746107,0.0264454932398599,-0.00628840748944508,-0.0370656608294878
"1956",-0.0199008905821567,-0.00239811368691714,0.0239496270188644,-0.00501344794982276,-0.0286385133652015
"1958",-0.0192387674911065,-0.00813061459384861,0.0171173679759908,-0.00511911524816961,-0.0247095661889911
"1960",-0.0190796014057547,-0.0140651140589535,0.00647075476008964,-0.0086902480447397,-0.0304048238019282
"1962",-0.0177707388391127,-0.0170656436025787,-0.000335942101579887,-0.0122705813029724,-0.0336759047920164
"1964",-0.0135737501895488,-0.0129806897423335,0.00312404226188644,-0.0109208400141935,-0.0296981974281813
"1966",-0.00875188475241408,-0.00493777589294549,0.0126082603400881,-0.00641526029459716,-0.0210226017932897
"1968",-0.00521824348203567,0.00121788383907955,0.0193934323320789,-0.00244368975620144,-0.00969491015056553
"1970",-0.00243586401369345,0.00444391438609328,0.0199029773654695,-0.000666502609682241,-0.00269844310852361
"1972",-0.000642686414197731,0.00459638806125169,0.0182652215246955,-0.000411821050468374,-0.00183337377279643
"1974",-0.00102166406748165,0.00010033555340114,0.0160908229027127,-0.00124404053372468,-0.00159728825421918
"1976",-0.00156515030852839,-0.00389774623776861,0.0152562112628226,-0.00080145771218114,0.000689282160994781
"1978",-0.00242791562508168,-0.00799404364005623,0.0117875542773443,-0.00169525448105626,-0.00648894081653543
"1980",-0.00291224012454274,-0.0117007695755452,0.00770311449775363,-0.00413932738915312,-0.0218714508637829
"1982",-0.000685889968992968,-0.0104004235987298,0.00997059920311235,-0.00317114835657667,-0.0280848699764664
"1984",0.00329011200392984,-0.00503313130150769,0.0148795606321159,0.000102164065455241,-0.0262479702541847
"1986",0.00488799828096087,-0.00267405952240563,0.0150456658588722,0.00175366131291964,-0.0239682104523419
"1988",0.0038984043020465,-0.00523839270766737,0.0111527631264403,0.00255949565602203,-0.0179601285584988
"1990",0.00402703772678263,-0.00630182696763812,0.0100140025180744,0.00469826820137798,-0.00656949578729775
"1992",0.00355411364872512,-0.00782185652229184,0.00945247141516238,0.00542760388791492,0.00213934432814723
"1994",0.00248734171484798,-0.0102848988440438,0.00963732802779953,0.0057371327055302,0.00456037125349763
"1996",0.00422081937941385,-0.00851855146640735,0.0124155351486433,0.00775459648904128,0.00559062562770871
"1998",0.00728782339093507,-0.00591454407147341,0.0137336002365236,0.00901365192179865,0.00566824940751305
"2000",0.010991719157211,-0.00193527219530399,0.0152944654855167,0.0100373250559004,0.000248723946890417
"2002",0.0143929478890338,0.00377564009071582,0.0176200421061325,0.011113526292349,-0.00707763399283301
"2004",0.0146655512398299,0.00587441273029913,0.0182710023691746,0.0113720601368454,-0.0135354014741313
"2006",0.0105990389000686,0.000547028011635998,0.0147696043064104,0.00986839215589405,-0.0216294820297064
"2008",0.00679507472231524,-0.00499701979640797,0.0107451851489389,0.00798324923762508,-0.0277697184645379
"2010",0.0061896447461765,-0.00507921522224979,0.0101216606588576,0.00757848871425967,-0.0285906123940575
"2012",0.00636787014706738,-0.00371076719632566,0.0112888282303169,0.00867291281626561,-0.0276880090105928
"2014",0.00665674653803471,-0.00308499226914,0.0130157585199186,0.01038880974453,-0.0264417048820211
"2016",0.00733377775870376,-0.00228955349203439,0.0139680053338539,0.0115958397362019,-0.0206709520572073
"2018",0.00660534593183277,-0.00415616934716425,0.011605912764365,0.01140877406542,-0.0128573298088968
"2020",0.00519008472544734,-0.00654424441263015,0.00792118473267276,0.010479939646728,-0.00972834921879932
"2022",0.00459688166528516,-0.00644418852394668,0.00664334224785516,0.00995840547905764,-0.00761978403186223
"2024",0.00471470793826562,-0.0057932741963895,0.00705176259574939,0.0102160516001495,-0.00448234648226863
"2026",0.00503095152515053,-0.00603112859198528,0.00593592850327324,0.00971942889680987,-0.00574707862831969
"2028",0.00683219501784481,-0.00350906464009027,0.00623246996934139,0.00944605458119562,-0.012530655776951
"2030",0.00941106894438627,7.96545767021286e-05,0.00796985427807682,0.00942017476713729,-0.0196038527508266
"2032",0.0109452532415599,0.00173871147869882,0.00788466432813285,0.00850553791568556,-0.0231582832972367
"2034",0.0111508056457062,0.00231709638832485,0.0069022388464845,0.00720746322745514,-0.0230409618882942
"2036",0.0100603283998693,0.00137506707660872,0.00642866552025957,0.00671861312128155,-0.0183146539750555
"2038",0.00808620789084668,-0.00121912782304228,0.00548444877113687,0.00734524596989403,-0.0103320400102331
"2040",0.00632569332305995,-0.00276099412075182,0.00627007428553174,0.00971509042307237,-0.00148335724789058
"2042",0.00551021198386804,-0.0021602171543925,0.00802013564790388,0.0114902865802961,0.00192491308341308
"2044",0.00525397141441882,-0.00136275337113621,0.00739170052718032,0.0102277526021978,0.00033692671255928
"2046",0.00544877135503133,0.000868458521445402,0.00741512012090211,0.00931438947995193,0.00260266307418806
"2048",0.00613677578268148,0.00520621614876853,0.00978149158229886,0.00957274165925349,0.0100250962671537
"2050",0.00603469881887688,0.00673958122594305,0.00836403132131836,0.00676237012703086,0.0159832352185873
"2052",0.00566703987882536,0.00596097771136706,0.00187529614545044,0.00171421444542801,0.0148416442718106
"2054",0.00453353634455487,0.00318120096081888,-0.0060751737029066,-0.00268129341552035,0.00929360581243728
"2056",0.00242693247829693,-0.0016857751735239,-0.0125859892619202,-0.00533295688650348,0.00264269170645406
"2058",0.000700834946727053,-0.00680321840228267,-0.017817091761819,-0.00675962625212304,-0.00628634067466108
"2060",-1.77543650666855e-05,-0.00982324391173471,-0.0200533394320735,-0.00727968485867574,-0.014372178939665
"2062",0.00119276368283955,-0.00818711987510539,-0.017318679750984,-0.00614928666411975,-0.0145108217892509
"2064",0.00428543913493111,-0.00312008219870471,-0.0115958860501612,-0.00322051342779582,-0.0050124091189239
"2066",0.00842685388649705,0.00359289546351228,-0.00283538389022722,0.00262875426829688,0.0136998463549352
"2068",0.0131355559469956,0.0107838095994468,0.00650785757358971,0.00869848666624994,0.0362516368819559
"2070",0.0171560342928414,0.015226761691805,0.00960013189779906,0.0106467558763957,0.0492783322969757
"2072",0.018999704517732,0.0154224072852275,0.00460174410577656,0.00869248264395385,0.0491472168204926
"2074",0.0188298917357779,0.0126772998696449,-0.000764029344966681,0.00650329698926462,0.0463375878923281
"2076",0.0163931373945358,0.00646137790704411,-0.00524606929460464,0.00365697334436546,0.043156700067355
"2078",0.0127095376773838,-0.00153670669723053,-0.0114978438661976,-0.000644932608455253,0.0376037559847392
"2080",0.00981424476228661,-0.00583461790428368,-0.0151621472103558,-0.00325858547029257,0.0350787261311165
"2082",0.00680822080101869,-0.00828938387896263,-0.01613377598077,-0.00339099633248509,0.0346549495192235
"2084",0.00373407742193293,-0.0115694159157748,-0.017962324635729,-0.00387976126523604,0.0275443282206281
"2086",0.00146805980816513,-0.014274436451495,-0.0201575003100864,-0.00526130889965032,0.0163331748135287
"2088",0.00186523668086532,-0.0123303697297056,-0.0180369447908682,-0.0043233080892108,0.00857658989761981
"2090",0.00437565972908415,-0.00653104548995718,-0.0131909990994194,-0.00182944011825166,0.00305002162628244
"2092",0.00527850839228941,-0.00328497975785702,-0.0129559247712186,-0.00213908898170005,-0.000650376647661172
"2094",0.00481871686725116,-0.00297186243512666,-0.0145569055339272,-0.00382903183309421,-0.000728773494444137
"2096",0.00344918577820776,-0.00575027411405745,-0.0173941523024614,-0.00598871093137693,0.00219057299963479
"2098",0.00263032492699735,-0.00765894032288675,-0.0195553597132284,-0.00666873647900196,0.00947605135023363
"2100",0.00132395490881059,-0.00965730538155486,-0.0232593726109065,-0.00777518114032862,0.014970773399847
"2102",-0.000919538579594722,-0.012480190463942,-0.0255771498322923,-0.0082845574311886,0.014441423484031
"2104",-0.00232013219518955,-0.0136025354553874,-0.0239335411419287,-0.00712411592097361,0.00968287763844305
"2106",-0.0031653804921422,-0.0143272278355273,-0.0215225146793578,-0.00613218851062639,0.00351068609787573
"2108",-0.00252634898052331,-0.0132509112733196,-0.016515910135963,-0.00351560766678439,0.00162966766304202
"2110",-0.000726778033701828,-0.00988979506567018,-0.0116086132122506,-0.000541103166383612,0.00631300752086517
"2112",-0.000757589326209296,-0.00913284411910235,-0.0129480346241272,-0.000933459497638595,0.0113991459671529
"2114",-0.00216660202205065,-0.0108991942674405,-0.017420586845199,-0.00291772407106601,0.0112611241709912
"2116",-0.00292554550621169,-0.0115150163402995,-0.0200389885781993,-0.00361781664406054,0.0112867268276396
"2118",-0.00315541023817975,-0.0107473529682602,-0.0217449997582739,-0.00407747192662026,0.0128991910399498
"2120",-0.00472918441802724,-0.013091290523406,-0.0256721502237043,-0.00680040889814944,0.0114904548521697
"2122",-0.00584039836375483,-0.0150541455332059,-0.0247595315560237,-0.00752913223522148,0.0099160401257855
"2124",-0.00524157817406534,-0.014117712996128,-0.0195973189373682,-0.00548174867591031,0.00839298692313622
"2126",-0.00457470302663153,-0.0142093833271404,-0.0164592699137808,-0.00388479633045175,0.00693412510261831
"2128",-0.00304036815304797,-0.014613918350283,-0.0162287730076857,-0.00348923444294904,0.00987014132751647
"2130",-0.000672012265515176,-0.0135804070574923,-0.01844215086046,-0.00437995127997834,0.0122021383268965
"2132",0.000610573091379209,-0.0125723544321234,-0.0218093845613185,-0.00589534985512177,0.0105252569351695
"2134",0.0022162632129126,-0.00921059790871441,-0.0227661682212447,-0.00637286034999585,0.0106232205808523
"2136",0.00471039936884104,-0.002780748395434,-0.0223168999865697,-0.00643215425916127,0.0157920142693808
"2138",0.00702694154798084,0.00317651440274159,-0.0215233421363988,-0.00662087615831232,0.0222490195606215
"2140",0.00791203303867326,0.00749728733097974,-0.0176335907866791,-0.00538586973683115,0.0299868361788299
"2142",0.00781295028097048,0.0124611587497689,-0.00893942943030268,-0.00119971234333912,0.0348154666797695
"2144",0.00697472790298463,0.0160207364785185,-0.00242414902429336,0.00253794789113429,0.0316751822065953
"2146",0.00437314855065693,0.0138689089821358,-0.0036133073582728,0.00205770609203801,0.0217530433564563
"2148",-7.45427891587789e-05,0.00621325413665609,-0.00998002887900417,-0.00196607568241214,0.00893435729163082
"2150",-0.00590276613389123,-0.00452606227884041,-0.0157667844610392,-0.00571768477785399,-0.00785729075605873
"2152",-0.0110921408478882,-0.0146271121747686,-0.0178311664633746,-0.00677560136770036,-0.0219385117566651
"2154",-0.0132372553760343,-0.0192390726230205,-0.0162557222839158,-0.00569681780279215,-0.0263546184990793
"2156",-0.0125229052052762,-0.0186064696397672,-0.0127404057525849,-0.00387481460798971,-0.0216512216868945
"2158",-0.0108712250721077,-0.0156988319503028,-0.00799357799021409,-0.00129830752262585,-0.012540924572185
"2160",-0.0111900754846448,-0.0139243958378494,-0.00494786349320394,0.000362873260338489,-0.00526770408319139
"2162",-0.0123367133375048,-0.0119451716552102,-0.00386382763592714,0.00079291843565376,-0.00558951660327547
"2164",-0.0127626254285021,-0.00959797746713739,-0.00536677551276938,-1.59134487539906e-05,-0.00952037288137831
"2166",-0.0128788126773472,-0.00854701947693278,-0.00896631166778411,-0.00245475271157665,-0.0128026241387567
"2168",-0.0133937230773624,-0.00934669447541083,-0.0109485982460262,-0.00484746464041936,-0.0152453619066402
"2170",-0.0146420246012893,-0.0124280544624348,-0.011645024232598,-0.00589514936273973,-0.0196767215758536
"2172",-0.0156557829580773,-0.0154424031248259,-0.0135946858484974,-0.00682019773486756,-0.0252646836539042
"2174",-0.0162467253596654,-0.0172918737882304,-0.0168755670708147,-0.00856584020972749,-0.0276971366806478
"2176",-0.0159931006541456,-0.0173596639614923,-0.017248804322036,-0.00909010461924635,-0.0241665653161371
"2178",-0.0165925812499719,-0.0173652623958025,-0.0175470699135366,-0.00973925945870245,-0.0213770706040349
"2180",-0.0169505512393911,-0.0160869397773971,-0.0164690211103875,-0.00911990009977843,-0.0211677957533917
"2182",-0.0148517186187453,-0.0113684333385789,-0.0120377758326702,-0.00578410999809939,-0.0213953624189195
"2184",-0.0104783246878137,-0.00475010006820319,-0.00475040788710078,-0.00055491047988074,-0.0148350855765892
"2186",-0.00563346284437102,0.000981380927695671,0.0025612187016129,0.00385834701891571,-0.00294734820875842
"2188",-0.00227555531644205,0.00326091291258828,0.00537612119803773,0.00521704458291946,0.00139555272122491
"2190",-0.0012957281951519,0.00270950533696281,0.00315538546882742,0.00488567074320491,-0.00473911966178537
"2192",-0.00197409404704971,0.00135196538883148,-0.000769518483247852,0.00407810286745327,-0.01110965137267
"2194",-0.00387636439741094,-0.00180550307341204,-0.00608922732656192,0.00172200600457078,-0.0143357981224686
"2196",-0.00575068674292816,-0.00433405582531838,-0.0100706198579977,-0.000570660247042568,-0.0179818828310665
"2198",-0.00726986779368215,-0.00505721551901097,-0.0116449483096074,-0.00158052402043213,-0.0206024077701526
"2200",-0.0071220186156508,-0.00328677495683363,-0.00889952894109132,0.000340288279110853,-0.0215471680582272
"2202",-0.00692809190488725,-0.00207625294655278,-0.00546521333466758,0.00267039261949459,-0.0241164339415468
"2204",-0.00742789155361571,-0.00283747383641653,-0.00225455656876492,0.00437422978167483,-0.023788111574219
"2206",-0.00706279501919524,-0.00268068949212604,0.00275628877532979,0.00673119464086579,-0.0236889752306121
"2208",-0.00782495789708705,-0.00440928851573526,0.00387984164213793,0.00707750418687023,-0.03390064084433
"2210",-0.0096143404320935,-0.00631668626623787,0.00512612571544239,0.00837507394649687,-0.0468254148185036
"2212",-0.0113979360522568,-0.00658763145877655,0.0103078018727701,0.0121480344922177,-0.0506652501403243
"2214",-0.0131447829178084,-0.00747302414352476,0.0152694373732608,0.0150075576843341,-0.0508538024695292
"2216",-0.013907731878018,-0.00718290772146378,0.0186943089829459,0.0170878899503135,-0.0562812005043596
"2218",-0.0152181884954622,-0.00666966399865819,0.0201142172774188,0.0187497568873196,-0.0645265382702831
"2220",-0.0177673961000473,-0.00849492703288437,0.0197679938055751,0.019342597641575,-0.0718722061605404
"2222",-0.0198963016619813,-0.00954387277211089,0.0221515820593507,0.0210054201204699,-0.0735609476585789
"2224",-0.0212507257341735,-0.00919484757748649,0.0261631896498953,0.0229146397955916,-0.0725480409088065
"2226",-0.0222341067478903,-0.00749654379236571,0.0289585625920133,0.023820294223588,-0.0764207862206797
"2228",-0.024527938366968,-0.00817812376747908,0.0272227570926827,0.022593663246372,-0.0837882211635629
"2230",-0.0250028276922515,-0.00728522528511866,0.0286378519569541,0.0234351908033357,-0.0813555824447725
"2232",-0.0229518084839077,-0.00300315636663163,0.0341894201866382,0.0262650662558881,-0.0680255719883386
"2234",-0.0208713075212188,0.000916467530086504,0.0366370510702073,0.0265365563571975,-0.0550599068562106
"2236",-0.0190717144401434,0.00441926781546833,0.0340890942568325,0.0239287378622311,-0.0447371380432278
"2238",-0.0167902007155199,0.00836656207655204,0.0325208631182087,0.0230431182724674,-0.0241463951382789
"2240",-0.0110997534668051,0.0150494106687445,0.0355960163329896,0.0249360496366805,0.00940545801754566
"2242",-0.000864177281920993,0.0262149234269896,0.0396577002771666,0.027064795445959,0.0421433543494934
"2244",0.012455372388089,0.0392280116533593,0.0397325115187765,0.0277250513629723,0.0640569966601323
"2246",0.0283242440367078,0.0515034596186744,0.0352020157762142,0.0278793470044692,0.0763428323194378
"2248",0.0455829080816814,0.0602974943253773,0.0289472903444191,0.0280491211453612,0.0847927383283025
"2250",0.0611393975984476,0.0651023979374577,0.0231500373708254,0.0270986855448605,0.0918997634928531
"2252",0.0710232173386393,0.0654543786828172,0.0165333486470859,0.0245451667718842,0.0930639702584544
"2254",0.0730481043560873,0.0602638555279391,0.00968061158273975,0.0215466446841721,0.0870148160393018
"2256",0.0657763717871231,0.0485392307002871,0.00369723747575624,0.019218218057798,0.0796519179091385
"2258",0.0523949373698715,0.0350675617410237,0.00407842080356887,0.0208999268036885,0.0796014761204751
"2260",0.03628919100329,0.0206149290835141,0.00431214016044945,0.021427098943113,0.0792184707098099
"2262",0.0185024617439739,0.00315378431038308,-0.00289149092486363,0.0159822666744001,0.0751663737195398
"2264",0.00298513445662995,-0.0122767549224012,-0.0117730327765511,0.00842351486305182,0.0730666908760329
"2266",-0.00706640534222512,-0.0230335880419269,-0.0199427456451793,0.000551674173410546,0.0724213206365586
"2268",-0.0136511191997,-0.0347459225027694,-0.0340486099167844,-0.0116533399576677,0.0676189088454791
"2270",-0.0182062065569398,-0.0476358755476706,-0.054374504642004,-0.0280955878690197,0.0607862497138055
"2272",-0.0180774020832534,-0.0546313218871661,-0.0705072771231692,-0.0394615147341127,0.0579163965258225
"2274",-0.0149125766841385,-0.0560013386660775,-0.078805321649156,-0.0425207233742921,0.0540173360033894
"2276",-0.0136777848163807,-0.0560248739435339,-0.0798816414893383,-0.0391698758473132,0.0440239636856349
"2278",-0.0148437702767709,-0.0561697284050215,-0.0726552048232454,-0.0308220309401471,0.0320808273067723
"2280",-0.0193795906752509,-0.0604438744509217,-0.0641219351751718,-0.0224449520098443,0.0148857136657584
"2282",-0.0263816425964764,-0.0650554177984173,-0.0518487895629772,-0.0123589772703763,-0.00695540899522304
"2284",-0.0307966609463832,-0.0626694485747747,-0.0295212665507006,0.00215154361851191,-0.0291159307857061
"2286",-0.0320738189006357,-0.0552019291207521,0.00194592587011942,0.0201076125564324,-0.0454865935451141
"2288",-0.0346678893571639,-0.0519748025220344,0.0294221738823975,0.0348651618210209,-0.0573111134208914
"2290",-0.0354027560206766,-0.0477834620538492,0.0491626381616887,0.0456944928506949,-0.0632154050683156
"2292",-0.0303532344718834,-0.0356397815561415,0.0637663810257682,0.0546788138694298,-0.0582797900240468
"2294",-0.0237942327824789,-0.0225250012690965,0.0665103495705766,0.0545660212168376,-0.0488418371539446
"2296",-0.0185059494378805,-0.0123266503004782,0.0555157337954256,0.0417142338064432,-0.0394773396167484
"2298",-0.016303978834323,-0.00727287431100727,0.034784354538427,0.0201035699994666,-0.0291982137494599
"2300",-0.0189542383427389,-0.00764688737830879,0.00982605443995503,-0.00361025710144256,-0.0180879674617615
"2302",-0.0231066004984322,-0.0039856290572252,-0.0166747620836636,-0.0288165500127711,-0.0140702780130166
"2304",-0.0234884681584474,0.0131510133254332,-0.0470258097190333,-0.0617468536284141,-0.020850754775903
"2306",-0.0179608354042754,0.0456879574757703,-0.0808526766592748,-0.102257526954093,-0.0370404662767374
"2308",-0.00429710051323196,0.0943328293379908,-0.117332825740645,-0.145613801023937,-0.0673890269170802
"2310",0.0201992930820104,0.155856343620499,-0.141835879566804,-0.176714434091712,-0.0924261704248579
"2312",0.0468418001127979,0.205982523030157,-0.144905892300004,-0.184008842917859,-0.0930264244113689
"2314",0.0650291971801306,0.220400745549019,-0.126356167110897,-0.16372281344782,-0.0757512520962619
"2316",0.0700021259935484,0.191457816238347,-0.0862780332071129,-0.115938488956416,-0.0377800179072389
"2318",0.0591050489565284,0.122529344930893,-0.0311597213009473,-0.0470840194908883,0.0189650488353975
"2320",0.0359247491235051,0.0291341152539521,0.0238342552573007,0.0271940156147904,0.0694844636536264
"2322",0.0071081432360351,-0.0673496884610876,0.0534363095104649,0.0805513425476406,0.0899050364352296
"2324",-0.0200312499539678,-0.143346095478464,0.0516018347962704,0.101704872351487,0.0862475234090647
"2326",-0.0351433217396244,-0.179096412629885,0.0362586845614635,0.100209549318008,0.0693935329345712
"2328",-0.0324657085440712,-0.168896662268335,0.0228791224039374,0.0878544057813588,0.0503699988900493
"2330",-0.016202784175606,-0.12634425818185,0.0217282103191071,0.076086704194822,0.0506795989198203
"2332",0.00359563072997946,-0.0751553234334473,0.0316725006813282,0.0705823836266739,0.0644091158909519
"2334",0.0204644247398754,-0.0305983033979663,0.0450128287604389,0.0691261372113847,0.0773952270150799
"2336",0.0308178885896575,-0.000794864439625497,0.0537409879552967,0.0671212251360724,0.0913610580682334
"2338",0.0333090317641806,0.0126822458224955,0.0593561446660373,0.0641266110036247,0.0976437095024505
"2340",0.0295789102978481,0.0144594037258464,0.0591257537469428,0.0560061699184831,0.0873796039646011
"2342",0.019132955618452,0.00809331793665525,0.0376583690908788,0.0310844533435914,0.0588458228835826
"2344",0.0044257024960195,0.00232012089425488,-0.00143419135479782,-0.00783034792985564,0.0207225878910802
"2346",-0.0056505632308352,0.00973695967172591,-0.0441128955089317,-0.0500857230643238,-0.0198486988851397
"2348",-0.00717375004543671,0.0308239875301679,-0.0836399724433698,-0.088736983347084,-0.052651225463702
"2350",-0.00162246088943931,0.0549236583565316,-0.109110529233896,-0.113437626115931,-0.0684621961227075
"2352",0.0102289096160075,0.0759876498510399,-0.106718075082747,-0.112329124140143,-0.0707844426872642
"2354",0.024445655144819,0.0893744928920196,-0.0759954302830559,-0.0854120617693864,-0.0575111339434616
"2356",0.0334683576609795,0.0849723278902332,-0.0286962090580091,-0.0409370673673763,-0.0281862835789801
"2358",0.0326213994341848,0.0572992874686708,0.0210222102070318,0.00734139444999793,0.00760060959149183
"2360",0.0209366121239923,0.0133938080889385,0.0516930655404586,0.0411681553810155,0.0313363627048841
"2362",0.0024290241170857,-0.0293685334767756,0.0545319632596992,0.0524349496186486,0.0331581112474908
"2364",-0.0184325854708638,-0.0614867089897069,0.0393950102157714,0.0455645455886296,0.0269435604960166
"2366",-0.0332185151781911,-0.0725499261319661,0.0211661323432403,0.0308215520262959,0.0194939362089191
"2368",-0.0377359843080856,-0.0641249111190977,0.00751003201413375,0.0158301957160234,0.00632383193978245
"2370",-0.0333511207426135,-0.0506162508695239,-0.000495836290386344,0.00478405867372357,-0.0102875344905648
"2372",-0.0196620630945707,-0.0305689184932437,0.0056222071100854,0.00652611908737574,-0.013479059676482
"2374",-0.00239471967342765,-0.00557888510637861,0.019814742036309,0.0174108421586547,0.0035101312794483
"2376",0.0100621518839421,0.0118560608637815,0.0279898638023713,0.0257189536572789,0.0227735664903015
"2378",0.0152351767606294,0.0155397909450925,0.0261528360478912,0.0259293527833924,0.0284911435260096
"2380",0.0145039610528896,0.00978913588048289,0.0162548645080744,0.019002251619152,0.0173509323433584
"2382",0.0114032708479776,0.00577311422959228,0.00453208800101218,0.0099835979125568,0.00443516009946155
"2384",0.00965765765437485,0.00848186113391509,-0.000359845239820919,0.00359144531273083,0.00812297708927938
"2386",0.0112842470076715,0.0191148249283045,0.00385678986314256,0.00173774815873385,0.01798940190024
"2388",0.0138894566842686,0.0291275961724532,0.00464906879694204,-0.000827150307979105,0.0208042755304647
"2390",0.0137704521496891,0.0243703681135567,-0.0066373654119331,-0.00720286143641968,0.0157659885403135
"2392",0.0147831013791078,0.0161689529295797,-0.0158316782496439,-0.0106123764896136,0.0106496069936288
"2394",0.0158301732434089,0.0142378629652633,-0.0174746847873826,-0.0111367981282787,0.00700367999628163
"2396",0.0134546296336963,0.0130298137334801,-0.0101812918634968,-0.00732222974083244,0.00228746760603906
"2398",0.00785007124389862,0.0065645516810668,0.00297916926283529,-0.000780657316910084,-0.0115141129982016
"2400",-0.0025859953855936,-0.010084841958861,0.00393517620556131,-0.00210078522296159,-0.0406515727107302
"2402",-0.0158882505630402,-0.0294520410835078,-0.00889484055133163,-0.0107046037449113,-0.0720857616677599
"2404",-0.0247971255217247,-0.038276818150986,-0.0202746431208982,-0.0171796689023448,-0.081394377076388
"2406",-0.0231699372078721,-0.0301946573298554,-0.0177067699510516,-0.0142680895585301,-0.0728455883388611
"2408",-0.0126627622546882,-0.0135423998295177,-0.00853685663912709,-0.00598008399396954,-0.0595289834185136
"2410",-0.00572487545826391,-0.0112367832624141,-0.00688449170966204,-0.00267468097242545,-0.0540821038142735
"2412",-0.00412830491969462,-0.0164969250033076,-0.00351868927533213,-0.000219396425507465,-0.0456138437471567
"2414",-0.000691608946524856,-0.0134869988703481,0.00662967422832672,0.00701751453335935,-0.0250626640985751
"2416",0.00203568408524508,-0.00890306777219212,0.0148680383802813,0.0143553343597068,-0.0140691993255797
"2418",-0.00118096318640672,-0.0111204584735258,0.0179561899531748,0.0147034338584955,-0.0268100300894417
"2420",-0.0100831136220444,-0.0205193484799654,0.0149994968206087,0.00870077840872041,-0.0475791910496192
"2422",-0.0193835014308148,-0.0291699361361701,0.00863186921408237,0.00201004592715523,-0.059490031088499
"2424",-0.0204164803921019,-0.0250703145561189,0.00402694004563014,0.0015200121562328,-0.0480795055336616
"2426",-0.00889893036602878,-0.00926604503478264,0.0092613258214915,0.00914674200643108,-0.0265050394285836
"2428",0.00244704221290793,0.000131731748352275,0.020049128133243,0.0166581269163519,-0.0115380009188242
"2430",0.000915823834722237,-0.00893067210713028,0.0219309616254874,0.0162029431118851,-0.00270411299855131
"2432",-0.0049850229045545,-0.0184866718117338,0.0177612133699062,0.0135047638675332,0.00529541402054875
"2434",-0.00609364014993919,-0.0183188615093442,0.00698898658893456,0.00628916088141083,-0.00497645382929659
"2436",-0.0110514315757877,-0.0221700724419072,-0.0153207715126022,-0.0112933738763013,-0.0419995283330943
"2438",-0.0213249145336302,-0.0310143073864872,-0.0341500165504861,-0.0297106108958716,-0.0747967894803438
"2440",-0.0242316504790822,-0.0280084965849618,-0.0355775467379389,-0.0348515612111655,-0.0842816506092731
"2442",-0.0174103369736007,-0.0122648625023389,-0.0310673673741084,-0.0307375400031543,-0.0683360078460666
"2444",-0.00340273764732504,0.0089088640482445,-0.0181112817405096,-0.0176425277667585,-0.0343589874532473
"2446",0.0116976473425258,0.0255756669806031,0.00670507037355463,-2.737343142275e-05,-0.00382024416580443
"2448",0.0154116504401307,0.0254781598134811,0.0228581538182491,0.00827786168126206,0.0225377912112744
"2450",0.0071901453631888,0.0122300855761092,0.0155296051553333,0.00465470545701067,0.0396229684002939
"2452",0.0003402467588896,0.00488931815767829,0.00902619574299035,0.00438042809506825,0.046229159813602
"2454",-0.000790365974241471,-0.00116444916071985,0.00723109580706697,0.00373419743796086,0.0222724760306168
"2456",-0.00271470505678299,-0.0166131099129829,0.00157266959544643,-0.00166222673485717,-0.0175678110471732
"2458",-0.00622586976673942,-0.0270787846994173,0.000977722766736792,-0.00460014147273384,-0.0295201205723423
"2460",-0.0052139685407413,-0.0221649106318518,0.00325319399316711,-0.00238057705957595,-0.0288085493621309
"2462",-0.0047137641552273,-0.0208140131642774,-0.00126039210642123,-0.00179139021123913,-0.0188963513026287
"2464",-0.00987033626907913,-0.0311539654031622,-0.00473669833293715,-0.00335716000469165,-0.00526231661806406
"2466",-0.0130204060959952,-0.0314445938109834,0.00225720052536237,-0.00168057185019655,0.0131094772529339
"2468",-0.0102444913595159,-0.0202324765352568,0.0108960925114383,0.00123345265168691,0.0364044732442139
"2470",-0.0040362206379238,-0.00577096117774476,0.0157109122827251,0.00451572535528185,0.034315687879847
"2472",0.00912805096416972,0.0187742566257304,0.0295484491429577,0.0136548304590917,0.0302302796619621
"2474",0.0237458127432897,0.0425405426889243,0.0387705930483688,0.019149927165043,0.0284287216293552
"2476",0.029984762561894,0.0535594150393063,0.0259532177076868,0.010218506595676,0.0374170989255562
"2478",0.0264637987219773,0.0484010039344138,-0.0104654099780749,-0.0131636651684837,0.061809740877258
"2480",0.0216871897566694,0.0344262162799403,-0.0529319079311838,-0.0369409051909552,0.0674882771320505
"2482",0.0179693897372182,0.0181633359296804,-0.0765321725163987,-0.0509652708914816,0.0639759404436726
"2484",0.0198211088274546,0.017000605891201,-0.0664914968391534,-0.0490836896572704,0.0598959268222214
"2486",0.0288038128502704,0.033850106682846,-0.0313111296699867,-0.0304911745548894,0.0631751915181906
"2488",0.0294913257980773,0.030914629802094,-0.0122534871172961,-0.0166544350543339,0.0453771114655973
"2490",0.0294913257980766,0.0309146298020899,-0.0122534871173031,-0.0166544350543385,0.0453771114655842
"2492",0.0294913257980791,0.0309146298020937,-0.0122534871173002,-0.0166544350543346,0.0453771114656008
"2494",0.0294913257980803,0.0309146298020967,-0.0122534871172999,-0.0166544350543364,0.0453771114655932
"2496",0.0294913257980756,0.0309146298020914,-0.0122534871173048,-0.0166544350543383,0.0453771114655831
"2498",0.0294913257980778,0.0309146298020947,-0.0122534871173007,-0.0166544350543338,0.0453771114655865
